Category,Region,Inventory Level,Units Sold,Units Ordered,Price,Discount,Weather Condition,Promotion,Competitor Pricing,Demand,PKeyID,Weekday,Price_Diff
1,1,195,102,252,72.72,5,1,0,85.73,115,0,2,-13.01
0,1,117,117,249,80.16,15,1,1,92.02,229,1,2,-11.86
0,1,247,114,612,62.94,10,1,1,60.08,157,2,2,2.86
1,1,139,45,102,87.63,10,1,0,85.19,52,3,2,2.44
3,1,152,65,271,54.41,0,1,0,51.63,59,4,2,2.78
4,1,209,60,0,35.53,0,1,0,40.01,55,5,2,-4.48
3,1,118,81,335,23.27,5,1,0,24.78,94,6,2,-1.51
1,1,244,42,0,37.79,5,1,0,44.85,61,7,2,-7.06
0,1,115,88,139,94.2,5,1,0,108.7,129,8,2,-14.5
2,1,192,70,300,113.35,10,1,0,129.98,69,9,2,-16.63
2,1,215,51,142,156.34,0,1,0,188.96,64,10,2,-32.62
3,1,289,121,215,84.48,0,1,0,92.02,104,11,2,-7.54
4,1,279,113,0,33.1,5,1,0,39.11,110,12,2,-6.01
3,1,252,121,479,80.13,10,1,1,92.24,165,13,2,-12.11
4,1,119,55,74,14.39,5,1,0,13.59,64,14,2,0.8
3,1,103,78,372,38.79,10,1,0,35.14,115,15,2,3.65
4,1,128,59,0,21.21,0,1,0,22.73,75,16,2,-1.52
3,1,281,78,0,54.4,5,1,0,54.1,66,17,2,0.3
2,1,281,61,0,95.56,10,1,0,103.05,58,18,2,-7.49
2,1,266,36,0,100.47,5,1,0,115.24,43,19,2,-14.77
3,2,102,102,331,90.89,0,0,0,81.87,118,20,2,9.02
4,2,193,119,192,25.68,25,0,1,30.95,105,21,2,-5.27
3,2,187,167,596,95.17,10,0,1,84.24,171,22,2,10.93
3,2,160,111,339,39.54,10,0,0,46.57,110,23,2,-7.03
1,2,155,103,334,92.35,0,0,0,104.72,94,24,2,-12.37
0,2,198,79,0,64.0,5,0,0,57.37,88,25,2,6.63
4,2,233,89,226,25.47,10,0,0,30.08,93,26,2,-4.61
3,2,124,124,99,25.63,5,0,0,29.79,112,27,2,-4.16
3,2,131,131,260,64.84,10,0,0,68.68,145,28,2,-3.84
3,2,242,118,194,117.17,5,0,0,106.37,195,29,2,10.8
3,2,206,49,191,84.71,10,0,0,76.07,79,30,2,8.64
1,2,197,78,413,78.86,0,0,0,69.84,122,31,2,9.02
3,2,152,93,331,21.76,10,0,0,21.12,109,32,2,0.64
1,2,153,69,289,100.18,10,0,1,108.96,63,33,2,-8.78
0,2,106,70,457,65.19,10,0,0,64.23,96,34,2,0.96
0,2,113,113,323,111.87,5,0,0,118.76,194,35,2,-6.89
4,2,153,72,196,18.89,5,0,0,18.27,65,36,2,0.62
0,2,126,69,86,27.67,0,0,0,26.08,79,37,2,1.59
0,2,164,82,391,83.09,10,0,0,74.12,96,38,2,8.97
2,2,126,43,132,125.8,0,0,0,110.88,53,39,2,14.92
4,0,182,109,193,16.85,10,2,0,15.48,112,40,2,1.37
3,0,290,56,236,50.42,10,2,1,45.94,82,41,2,4.48
1,0,122,122,127,83.17,20,2,1,72.09,126,42,2,11.08
3,0,203,122,518,26.29,5,2,0,30.05,158,43,2,-3.76
4,0,253,40,212,19.8,5,2,0,17.3,57,44,2,2.5
4,0,227,106,0,44.64,0,2,0,50.46,136,45,2,-5.82
3,0,247,123,552,18.65,0,2,0,21.62,142,46,2,-2.97
0,0,297,61,0,113.01,0,2,0,126.44,89,47,2,-13.43
3,0,226,96,0,56.32,5,2,0,66.33,126,48,2,-10.01
3,0,167,70,127,36.21,10,2,0,39.87,106,49,2,-3.66
1,0,159,157,293,131.16,10,2,0,139.75,149,50,2,-8.59
2,0,126,58,131,105.94,0,2,0,103.35,80,51,2,2.59
3,0,105,105,743,86.78,10,2,0,78.8,176,52,2,7.98
3,0,271,27,0,61.69,25,2,1,53.36,44,53,2,8.33
3,0,166,131,500,98.46,10,2,0,104.52,133,54,2,-6.06
1,0,292,80,0,94.11,10,2,0,107.33,108,55,2,-13.22
2,0,204,53,380,112.23,10,2,0,133.9,82,56,2,-21.67
2,0,289,56,316,134.95,5,2,0,125.53,75,57,2,9.42
3,0,201,109,0,59.71,0,2,0,70.74,123,58,2,-11.03
0,0,250,41,270,65.81,5,2,0,57.66,61,59,2,8.15
3,3,215,85,287,10.47,0,1,0,11.51,81,60,2,-1.04
3,3,283,67,0,19.12,10,1,1,20.62,112,61,2,-1.5
2,3,161,92,407,134.16,20,1,1,117.74,114,62,2,16.42
3,3,168,88,252,51.64,0,1,0,57.32,86,63,2,-5.68
0,3,289,197,0,89.23,10,1,0,77.73,183,64,2,11.5
3,3,206,48,162,35.33,0,1,0,34.77,73,65,2,0.56
3,3,185,43,253,24.34,5,1,0,26.46,65,66,2,-2.12
2,3,281,59,0,100.64,0,1,0,118.02,80,67,2,-17.38
0,3,206,106,299,110.47,5,1,0,122.04,98,68,2,-11.57
3,3,223,120,597,30.02,0,1,0,29.15,128,69,2,0.87
0,3,195,60,293,52.89,0,1,0,62.29,61,70,2,-9.4
1,3,111,111,113,118.15,0,1,0,133.46,103,71,2,-15.31
3,3,136,104,385,20.24,10,1,0,18.9,110,72,2,1.34
2,3,110,52,122,148.46,10,1,1,178.25,70,73,2,-29.79
2,3,249,42,0,86.47,5,1,0,81.87,44,74,2,4.6
2,3,155,74,218,110.39,10,1,0,101.16,71,75,2,9.23
0,3,232,65,0,84.83,10,1,0,94.7,85,76,2,-9.87
2,3,165,64,0,141.31,10,1,0,150.73,67,77,2,-9.42
0,3,146,125,103,56.86,10,1,0,64.61,111,78,2,-7.75
2,3,290,52,0,124.97,10,1,0,110.39,76,79,2,14.58
3,1,182,75,198,11.46,5,1,0,9.92,84,80,2,1.54
1,1,131,131,474,48.68,10,1,1,51.85,186,81,2,-3.17
4,1,247,145,0,29.57,20,1,1,26.3,143,82,2,3.27
3,1,195,143,114,7.45,10,1,0,8.33,121,83,2,-0.88
3,1,187,126,344,20.02,0,1,0,18.12,148,84,2,1.9
3,1,280,59,300,53.49,5,1,0,52.34,67,85,2,1.15
3,1,297,74,0,82.73,0,1,0,79.8,85,86,2,2.93
3,1,229,165,0,73.42,0,1,0,84.61,149,87,2,-11.19
3,1,270,59,268,94.75,0,1,0,112.34,94,88,2,-17.59
3,1,132,132,436,70.86,0,1,0,63.54,136,89,2,7.32
1,1,220,17,0,62.12,0,1,0,55.78,15,90,2,6.34
2,1,230,71,371,133.86,5,1,0,118.2,84,91,2,15.66
3,1,145,82,328,71.03,10,1,0,78.02,116,92,2,-6.99
2,1,193,63,219,161.18,10,1,1,156.66,82,93,2,4.52
3,1,132,108,203,44.36,10,1,0,52.84,93,94,2,-8.48
4,1,131,59,191,32.84,0,1,0,39.5,76,95,2,-6.66
4,1,159,89,73,33.04,10,1,0,37.53,88,96,2,-4.49
0,1,245,68,0,22.41,0,1,0,22.24,88,97,2,0.17
2,1,202,42,0,119.15,10,1,0,102.4,47,98,2,16.75
4,1,131,79,105,28.66,10,1,0,34.32,104,99,2,-5.66
1,1,93,71,0,65.63,5,1,0,73.66,84,0,3,-8.03
0,1,249,116,0,74.44,10,1,0,87.66,175,1,3,-13.22
0,1,133,130,0,66.15,0,1,0,74.15,156,2,3,-8.0
1,1,94,82,183,91.64,10,1,0,105.17,78,3,3,-13.53
3,1,87,87,487,63.35,0,1,0,61.2,103,4,3,2.15
4,1,149,77,172,36.93,5,1,0,32.24,65,5,3,4.69
3,1,37,37,497,27.22,0,1,0,31.11,127,6,3,-3.89
1,1,202,37,0,37.38,5,1,0,42.34,58,7,3,-4.96
0,1,166,133,107,93.21,10,1,0,83.66,126,8,3,9.55
2,1,122,105,498,129.03,10,1,1,139.76,107,9,3,-10.73
2,1,164,152,264,175.19,10,1,1,187.65,130,10,3,-12.46
3,1,168,168,397,96.27,10,1,1,109.41,187,11,3,-13.14
4,1,166,73,90,32.72,10,1,0,28.94,107,12,3,3.78
3,1,131,81,0,70.94,0,1,0,66.18,75,13,3,4.76
4,1,138,117,109,15.17,10,1,1,16.81,110,14,3,-1.64
3,1,25,25,0,35.58,0,1,0,30.98,59,15,3,4.6
4,1,69,33,50,17.76,10,1,0,16.08,42,16,3,1.68
3,1,203,172,155,66.33,10,1,0,56.8,144,17,3,9.53
2,1,220,35,0,93.29,10,1,0,99.51,52,18,3,-6.22
2,1,230,93,432,119.87,10,1,0,111.8,92,19,3,8.07
3,2,0,0,350,86.71,10,0,0,85.0,137,20,3,1.71
4,2,74,61,0,31.7,0,0,0,36.09,82,21,3,-4.39
3,2,20,20,0,66.64,10,0,0,61.22,58,22,3,5.42
3,2,49,40,0,36.7,5,0,0,35.23,59,23,3,1.47
1,2,52,52,412,98.83,5,0,0,94.92,115,24,3,3.91
0,2,119,116,137,66.76,10,0,0,59.62,117,25,3,7.14
4,2,144,95,0,30.0,0,0,0,28.44,95,26,3,1.56
3,2,99,99,153,29.35,0,0,0,34.68,140,27,3,-5.33
3,2,0,0,263,74.78,0,0,0,83.48,158,28,3,-8.7
3,2,318,179,0,101.56,25,0,1,98.18,234,29,3,3.38
3,2,157,135,474,91.4,15,0,1,109.66,137,30,3,-18.26
1,2,119,75,511,65.63,15,0,1,56.85,115,31,3,8.78
3,2,59,45,0,20.47,0,0,0,22.07,75,32,3,-1.6
1,2,84,84,564,134.04,10,0,0,124.77,135,33,3,9.27
0,2,36,36,604,65.22,20,0,1,71.11,152,34,3,-5.89
0,2,0,0,260,107.38,0,0,0,114.77,159,35,3,-7.39
4,2,81,63,323,18.69,10,0,0,20.42,92,36,3,-1.73
0,2,143,74,87,26.16,5,0,0,31.4,92,37,3,-5.24
0,2,82,66,439,93.88,0,0,0,85.41,101,38,3,8.47
2,2,83,77,214,134.4,0,0,0,124.57,70,39,3,9.83
4,0,73,73,0,15.76,5,0,0,16.81,91,40,3,-1.05
3,0,234,175,548,63.12,10,0,0,55.32,154,41,3,7.8
1,0,127,125,160,109.88,0,0,0,107.36,145,42,3,2.52
3,0,81,39,0,19.9,0,0,0,22.28,56,43,3,-2.38
4,0,213,59,0,20.05,10,0,0,17.73,75,44,3,2.32
4,0,121,70,96,40.69,0,0,0,39.79,91,45,3,0.9
3,0,124,124,0,16.3,10,0,0,19.56,132,46,3,-3.26
0,0,236,121,306,132.2,5,0,0,148.43,156,47,3,-16.23
3,0,130,78,86,52.56,10,0,0,51.15,105,48,3,1.41
3,0,224,92,0,32.73,20,0,1,32.0,96,49,3,0.73
1,0,2,2,386,113.61,25,0,1,126.49,163,50,3,-12.88
2,0,68,62,224,90.21,15,0,1,106.9,95,51,3,-16.69
3,0,0,0,0,69.14,0,0,0,72.85,83,52,3,-3.71
3,0,244,52,0,84.21,0,0,0,83.63,50,53,3,0.58
3,0,35,35,622,100.93,20,0,1,120.1,185,54,3,-19.17
1,0,212,126,289,126.78,0,0,0,110.11,156,55,3,16.67
2,0,151,37,0,107.38,5,0,0,92.46,42,56,3,14.92
2,0,233,65,0,127.98,10,0,0,148.9,90,57,3,-20.92
3,0,92,92,95,56.72,5,0,0,55.93,107,58,3,0.79
0,0,209,60,0,73.57,5,0,0,62.9,92,59,3,10.67
3,3,130,130,734,12.67,10,2,0,11.95,160,60,3,0.72
3,3,216,121,225,23.71,0,2,0,21.48,131,61,3,2.23
2,3,69,69,0,142.86,5,2,0,134.09,81,62,3,8.77
3,3,80,20,0,38.88,5,2,0,44.68,26,63,3,-5.8
0,3,92,92,152,83.84,10,2,0,88.73,178,64,3,-4.89
3,3,158,149,268,40.95,5,2,0,34.97,134,65,3,5.98
3,3,142,142,563,36.85,0,2,0,35.75,164,66,3,1.1
2,3,222,28,0,84.29,5,2,0,90.72,46,67,3,-6.43
0,3,100,100,494,120.17,10,2,0,135.44,142,68,3,-15.27
3,3,103,103,0,23.81,20,2,1,26.5,142,69,3,-2.69
0,3,135,130,688,64.39,25,2,1,58.88,205,70,3,5.51
1,3,113,90,71,94.35,15,2,1,102.02,84,71,3,-7.67
3,3,32,32,501,24.95,0,2,0,23.75,144,72,3,1.2
2,3,58,58,185,175.28,0,2,0,193.4,87,73,3,-18.12
2,3,207,72,200,74.92,20,2,1,82.61,65,74,3,-7.69
2,3,81,67,0,122.71,0,2,0,148.34,86,75,3,-25.63
0,3,167,99,149,117.24,0,2,0,111.57,138,76,3,5.67
2,3,101,94,104,169.09,5,2,0,163.21,87,77,3,5.88
0,3,124,124,162,66.93,5,2,0,79.53,148,78,3,-12.6
2,3,238,56,0,114.9,5,2,0,133.94,53,79,3,-19.04
3,1,107,81,0,11.7,0,1,0,10.06,75,80,3,1.64
1,1,0,0,0,40.81,10,1,0,38.43,106,81,3,2.38
4,1,102,87,109,29.13,10,1,0,28.91,100,82,3,0.22
3,1,166,77,109,7.79,10,1,0,7.23,119,83,3,0.56
3,1,61,61,0,15.31,10,1,0,13.22,95,84,3,2.09
3,1,221,122,540,56.83,10,1,0,60.46,116,85,3,-3.63
3,1,223,3,0,56.72,0,1,0,64.26,4,86,3,-7.54
3,1,64,64,103,58.77,10,1,0,55.01,94,87,3,3.76
3,1,211,80,0,103.03,0,1,0,88.63,104,88,3,14.4
3,1,0,0,629,72.29,10,1,1,64.1,182,89,3,8.19
1,1,203,51,260,57.17,20,1,1,64.73,62,90,3,-7.56
2,1,159,117,439,131.02,10,1,1,157.89,110,91,3,-26.87
3,1,63,63,319,75.5,5,1,0,89.57,118,92,3,-14.07
2,1,130,47,0,160.24,5,1,0,152.98,65,93,3,7.26
3,1,24,24,192,45.46,15,1,1,49.28,118,94,3,-3.82
4,1,72,72,209,35.13,0,1,0,34.06,81,95,3,1.07
4,1,143,61,0,31.63,5,1,0,35.51,60,96,3,-3.88
0,1,177,177,239,28.59,10,1,0,27.16,211,97,3,1.43
2,1,160,37,113,119.41,10,1,0,139.55,61,98,3,-20.14
4,1,157,56,0,26.62,10,1,0,23.56,68,99,3,3.06
1,1,274,142,229,68.55,15,1,1,80.73,132,0,1,-12.18
0,1,133,92,118,78.32,0,1,0,77.58,137,1,1,0.74
0,1,3,3,0,51.3,10,1,1,56.0,106,2,1,-4.7
1,1,114,55,0,91.74,5,1,0,105.94,63,3,1,-14.2
3,1,0,0,761,58.17,25,1,1,57.29,172,4,1,0.88
4,1,72,72,281,36.37,15,1,1,36.01,92,5,1,0.36
3,1,0,0,0,23.81,5,1,0,25.21,101,6,1,-1.4
1,1,165,56,0,42.35,0,1,0,38.38,64,7,1,3.97
0,1,140,88,109,98.1,0,1,0,86.64,109,8,1,11.46
2,1,17,17,0,138.64,0,1,0,124.61,82,9,1,14.03
2,1,154,62,0,152.23,10,1,0,175.99,86,10,1,-23.76
3,1,215,165,0,88.83,20,1,1,97.64,201,11,1,-8.81
4,1,183,47,0,29.75,0,1,0,35.18,64,12,1,-5.43
3,1,50,50,0,81.49,5,1,0,79.61,134,13,1,1.88
4,1,130,92,80,16.43,0,1,0,14.9,86,14,1,1.53
3,1,0,0,553,45.61,15,1,1,40.77,193,15,1,4.84
4,1,86,59,94,22.74,0,1,0,21.56,80,16,1,1.18
3,1,186,134,115,72.12,0,1,0,65.71,137,17,1,6.41
2,1,185,48,0,104.22,10,1,0,95.66,68,18,1,8.56
2,1,137,85,0,94.75,25,1,1,86.97,77,19,1,7.78
3,2,0,0,0,84.32,20,0,1,92.33,189,20,1,-8.01
4,2,205,64,166,33.62,5,0,0,30.87,100,21,1,2.75
3,2,0,0,0,69.5,10,0,1,79.43,84,22,1,-9.93
3,2,9,9,0,37.8,0,0,0,37.38,53,23,1,0.42
1,2,0,0,0,103.86,10,0,1,91.4,150,24,1,12.46
0,2,140,140,172,67.06,25,0,1,64.59,184,25,1,2.47
4,2,49,49,300,27.9,0,0,0,33.63,89,26,1,-5.73
3,2,153,126,155,30.53,0,0,0,36.87,154,27,1,-6.34
3,2,260,134,0,68.23,10,0,0,64.5,145,28,1,3.73
3,2,139,116,107,86.08,10,0,0,81.12,105,29,1,4.96
3,2,22,22,0,109.82,0,0,0,124.57,144,30,1,-14.75
1,2,44,44,0,70.05,20,0,1,59.81,158,31,1,10.24
3,2,14,14,0,18.11,10,0,0,21.08,70,32,1,-2.97
1,2,0,0,0,125.35,10,0,0,120.17,113,33,1,5.18
0,2,0,0,0,74.64,10,0,0,83.24,158,34,1,-8.6
0,2,323,113,0,69.5,25,0,1,74.88,109,35,1,-5.38
4,2,18,18,0,20.44,0,0,0,23.47,87,36,1,-3.03
0,2,156,96,121,29.14,10,0,0,24.82,127,37,1,4.32
0,2,16,16,0,96.98,5,0,0,109.82,145,38,1,-12.84
2,2,6,6,0,82.98,25,0,1,73.24,22,39,1,9.74
4,0,193,117,316,18.83,10,0,1,20.46,168,40,1,-1.63
3,0,59,59,0,60.46,0,0,0,57.57,104,41,1,2.89
1,0,162,162,197,102.13,10,0,1,118.42,175,42,1,-16.29
3,0,42,42,0,20.88,10,0,0,24.94,99,43,1,-4.06
4,0,154,48,0,17.78,15,0,1,21.3,72,44,1,-3.52
4,0,147,27,0,28.63,15,0,1,25.6,40,45,1,3.03
3,0,0,0,0,16.06,5,0,0,19.09,109,46,1,-3.03
0,0,115,114,0,123.69,10,0,0,119.72,134,47,1,3.97
3,0,138,126,156,56.93,10,0,0,48.4,131,48,1,8.53
3,0,132,127,173,52.41,5,0,0,48.68,200,49,1,3.73
1,0,293,62,0,105.49,5,0,0,125.46,65,50,1,-19.97
2,0,137,137,306,93.48,25,0,1,98.69,148,51,1,-5.21
3,0,0,0,681,94.01,0,0,0,89.45,166,52,1,4.56
3,0,192,64,244,89.29,5,0,0,95.52,95,53,1,-6.23
3,0,0,0,0,81.54,0,0,0,91.17,47,54,1,-9.63
1,0,86,86,0,87.62,25,0,1,76.74,127,55,1,10.88
2,0,114,51,0,114.31,0,0,0,127.68,58,56,1,-13.37
2,0,168,43,0,125.69,5,0,0,151.98,70,57,1,-26.29
3,0,95,95,139,65.05,0,0,0,58.48,134,58,1,6.57
0,0,149,149,753,77.03,20,0,1,84.13,184,59,1,-7.1
3,3,0,0,0,12.83,15,2,1,15.38,207,60,1,-2.55
3,3,95,75,0,18.58,10,2,0,17.47,88,61,1,1.11
2,3,0,0,374,126.27,20,2,1,149.23,111,62,1,-22.96
3,3,60,54,229,55.0,0,2,0,52.98,90,63,1,2.02
0,3,152,125,123,71.68,15,2,1,63.8,125,64,1,7.88
3,3,171,92,0,29.24,25,2,1,33.69,118,65,1,-4.45
3,3,0,0,0,29.23,0,2,0,28.51,88,66,1,0.72
2,3,194,86,0,98.36,10,2,0,96.97,89,67,1,1.39
0,3,0,0,0,128.21,0,2,0,149.55,129,68,1,-21.34
3,3,0,0,0,25.38,10,2,0,26.82,124,69,1,-1.44
0,3,5,5,0,69.83,10,2,0,66.82,166,70,1,3.01
1,3,94,94,163,114.62,25,2,1,112.97,173,71,1,1.65
3,3,0,0,0,22.69,0,2,0,19.79,113,72,1,2.9
2,3,122,61,0,151.73,10,2,0,148.19,62,73,1,3.54
2,3,135,67,0,85.0,10,2,0,97.01,67,74,1,-12.01
2,3,14,14,365,116.65,10,2,1,139.43,102,75,1,-22.78
0,3,217,98,144,105.0,5,2,0,120.75,136,76,1,-15.75
2,3,111,111,133,185.13,10,2,0,183.17,133,77,1,1.96
0,3,162,82,0,55.99,0,2,0,67.46,75,78,1,-11.47
2,3,182,71,204,111.07,25,2,1,95.71,95,79,1,15.36
3,1,224,98,190,10.87,15,1,1,11.79,117,80,1,-0.92
1,1,0,0,0,38.42,10,1,0,41.22,104,81,1,-2.8
4,1,124,99,141,29.53,10,1,1,33.0,120,82,1,-3.47
3,1,198,48,0,6.37,10,1,0,6.14,60,83,1,0.23
3,1,344,126,0,15.19,20,1,1,14.86,130,84,1,0.33
3,1,99,99,0,57.2,20,1,1,66.25,159,85,1,-9.05
3,1,220,57,136,77.66,5,1,0,76.61,81,86,1,1.05
3,1,103,38,58,54.45,5,1,0,50.65,58,87,1,3.8
3,1,131,69,0,98.97,0,1,0,104.66,108,88,1,-5.69
3,1,0,0,0,67.22,10,1,0,74.94,174,89,1,-7.72
1,1,152,73,0,75.78,10,1,0,72.22,93,90,1,3.56
2,1,42,42,0,143.23,10,1,1,138.45,122,91,1,4.78
3,1,0,0,0,74.98,0,1,0,83.33,100,92,1,-8.35
2,1,83,83,319,178.05,0,1,0,202.29,95,93,1,-24.24
3,1,203,80,0,50.38,5,1,0,54.94,116,94,1,-4.56
4,1,0,0,614,41.54,10,1,1,36.53,171,95,1,5.01
4,1,82,82,130,40.18,0,1,0,45.01,115,96,1,-4.83
0,1,239,65,0,18.73,10,1,0,16.1,67,97,1,2.63
2,1,123,78,0,129.42,5,1,0,137.11,68,98,1,-7.69
4,1,101,50,73,25.7,10,1,1,27.74,72,99,1,-2.04
1,1,132,42,0,61.66,10,1,0,54.88,67,0,5,6.78
0,1,159,113,102,69.87,0,1,0,81.54,116,1,5,-11.67
0,1,0,0,0,46.51,20,1,1,41.33,96,2,5,5.18
1,1,242,58,0,88.09,5,1,0,100.36,52,3,5,-12.27
3,1,0,0,0,52.34,20,1,1,61.75,129,4,5,-9.41
4,1,0,0,0,37.81,10,1,0,32.55,86,5,5,5.26
3,1,0,0,0,25.59,20,1,1,30.25,185,6,5,-4.66
1,1,109,109,141,43.67,10,1,0,48.84,119,7,5,-5.17
0,1,161,88,115,81.46,15,1,1,70.34,101,8,5,11.12
2,1,0,0,0,133.12,0,1,0,125.09,71,9,5,8.03
2,1,356,54,0,151.43,10,1,0,148.93,70,10,5,2.5
3,1,447,65,0,75.21,10,1,1,87.92,101,11,5,-12.71
4,1,136,79,147,28.99,25,1,1,25.69,126,12,5,3.3
3,1,479,147,368,76.99,10,1,1,73.32,133,13,5,3.67
4,1,118,81,74,15.01,0,1,0,16.1,75,14,5,-1.09
3,1,372,100,0,40.46,0,1,0,47.46,111,15,5,-7.0
4,1,121,59,0,18.23,10,1,1,21.61,62,16,5,-3.38
3,1,167,63,117,57.88,10,1,1,51.61,100,17,5,6.27
2,1,137,49,0,109.44,5,1,0,131.36,80,18,5,-21.92
2,1,52,52,424,127.11,10,1,0,111.71,110,19,5,15.4
3,2,331,172,0,103.11,0,0,0,123.5,180,20,5,-20.39
4,2,141,90,0,29.92,10,0,0,35.78,96,21,5,-5.86
3,2,596,166,0,68.92,25,0,1,75.44,139,22,5,-6.52
3,2,339,92,0,37.63,10,0,0,32.53,80,23,5,5.1
1,2,0,0,0,74.22,15,0,1,73.52,64,24,5,0.7
0,2,172,98,0,71.52,0,0,0,65.75,106,25,5,5.77
4,2,226,96,0,28.57,10,0,1,27.1,112,26,5,1.47
3,2,182,96,0,26.73,0,0,0,29.55,109,27,5,-2.82
3,2,389,110,262,63.42,20,0,1,60.75,161,28,5,2.67
3,2,130,77,99,81.42,10,0,0,71.67,88,29,5,9.75
3,2,191,106,0,94.34,10,0,0,105.72,128,30,5,-11.38
1,2,0,0,0,74.94,10,0,1,72.04,140,31,5,2.9
3,2,331,47,0,16.91,20,0,1,14.67,69,32,5,2.24
1,2,0,0,0,124.24,15,0,1,142.52,146,33,5,-18.28
0,2,0,0,0,65.07,5,0,0,72.43,95,34,5,-7.36
0,2,470,117,0,93.55,5,0,0,105.37,129,35,5,-11.82
4,2,196,95,0,17.01,25,0,1,20.16,119,36,5,-3.15
0,2,181,181,206,34.99,10,0,1,38.26,214,37,5,-3.27
0,2,0,0,0,95.83,10,0,0,111.25,160,38,5,-15.42
2,2,132,90,255,143.16,5,0,0,136.86,104,39,5,6.3
4,0,76,76,0,15.15,10,2,0,16.99,95,40,5,-1.84
3,0,236,122,0,65.96,0,2,0,64.74,132,41,5,1.22
1,0,197,145,182,110.35,10,2,1,95.07,185,42,5,15.28
3,0,518,56,0,19.87,5,2,0,19.62,55,43,5,0.25
4,0,106,106,680,21.41,20,2,1,22.92,149,44,5,-1.51
4,0,120,71,125,40.83,0,2,0,45.75,107,45,5,-4.92
3,0,0,0,670,16.12,20,2,1,18.73,170,46,5,-2.61
0,0,307,174,357,131.49,10,2,0,119.27,156,47,5,12.22
3,0,168,86,0,43.15,25,2,1,50.59,116,48,5,-7.44
3,0,178,129,157,42.18,5,2,0,45.73,138,49,5,-3.55
1,0,617,114,0,142.09,0,2,0,165.96,140,50,5,-23.87
2,0,224,62,0,87.64,20,2,1,76.28,90,51,5,11.36
3,0,0,0,0,66.9,25,2,1,71.48,166,52,5,-4.58
3,0,128,128,688,101.6,25,2,1,110.1,227,53,5,-8.5
3,0,0,0,0,132.02,5,2,0,118.88,203,54,5,13.14
1,0,289,126,233,105.97,5,2,0,104.6,112,55,5,1.37
2,0,63,63,498,138.36,10,2,1,149.04,148,56,5,-10.68
2,0,125,87,486,123.23,20,2,1,138.76,115,57,5,-15.53
3,0,139,116,83,55.43,0,2,0,63.92,99,58,5,-8.49
0,0,0,0,0,80.2,0,2,0,73.82,103,59,5,6.38
3,3,0,0,0,10.55,0,0,0,11.27,83,60,5,-0.72
3,3,245,133,357,24.76,0,0,0,26.42,164,61,5,-1.66
2,3,407,173,0,165.54,10,0,1,157.42,144,62,5,8.12
3,3,258,87,0,46.09,10,0,0,55.06,84,63,5,-8.97
0,3,150,92,172,81.79,10,0,1,75.44,150,64,5,6.35
3,3,347,118,0,35.73,5,0,0,38.12,107,65,5,-2.39
3,3,0,0,0,25.97,20,0,1,22.56,120,66,5,3.41
2,3,108,68,63,93.91,5,0,0,111.72,75,67,5,-17.81
0,3,299,201,0,143.79,15,0,1,165.24,235,68,5,-21.45
3,3,0,0,0,23.58,0,0,0,21.79,57,69,5,1.79
0,3,0,0,0,55.29,10,0,0,60.87,104,70,5,-5.58
1,3,163,80,0,97.47,25,0,1,96.97,117,71,5,0.5
3,3,385,165,0,21.87,20,0,1,23.8,198,72,5,-1.93
2,3,246,23,0,110.34,25,0,1,106.7,28,73,5,3.64
2,3,68,68,300,103.84,0,0,0,121.47,94,74,5,-17.63
2,3,218,92,0,114.25,5,0,0,127.49,80,75,5,-13.24
0,3,263,35,0,67.23,20,0,1,78.11,54,76,5,-10.88
2,3,133,123,96,155.02,20,0,1,150.33,113,77,5,4.69
0,3,80,80,89,53.04,10,0,0,51.94,75,78,5,1.1
2,3,111,111,329,158.31,5,0,0,181.3,150,79,5,-22.99
3,1,126,58,0,12.03,0,1,0,11.04,83,80,5,0.99
1,1,474,77,0,39.78,0,1,0,47.27,83,81,5,-7.49
4,1,166,43,0,22.64,15,1,1,24.37,59,82,5,-1.73
3,1,150,82,93,7.04,10,1,0,6.13,88,83,5,0.91
3,1,218,183,268,18.83,10,1,1,18.76,164,84,5,0.07
3,1,0,0,0,53.05,10,1,0,52.1,80,85,5,0.95
3,1,163,140,274,87.87,15,1,1,75.2,157,86,5,12.67
3,1,123,120,193,72.27,5,1,0,79.04,162,87,5,-6.77
3,1,330,160,482,83.39,25,1,1,100.61,146,88,5,-17.22
3,1,436,102,0,67.01,0,1,0,57.47,118,89,5,9.54
1,1,79,79,374,85.83,0,1,0,73.3,99,90,5,12.53
2,1,0,0,0,96.76,15,1,1,111.69,41,91,5,-14.93
3,1,328,189,0,77.38,15,1,1,84.55,165,92,5,-7.17
2,1,219,76,0,150.93,20,1,1,142.02,97,93,5,8.91
3,1,315,66,0,49.18,0,1,0,57.91,92,94,5,-8.73
4,1,191,105,0,36.59,0,1,0,32.47,93,95,5,4.12
4,1,130,78,122,29.38,25,1,1,32.52,107,96,5,-3.14
0,1,174,69,0,19.53,15,1,1,20.94,112,97,5,-1.41
2,1,158,37,0,126.83,0,1,0,113.21,37,98,5,13.62
4,1,124,93,108,33.42,5,1,0,31.07,119,99,5,2.35
1,1,319,129,0,59.56,25,1,1,57.34,110,0,6,2.22
0,1,148,77,85,57.54,10,1,0,63.99,89,1,6,-6.45
0,1,612,156,0,61.64,0,1,0,69.67,131,2,6,-8.03
1,1,184,38,0,76.08,25,1,1,75.04,62,3,6,1.04
3,1,271,91,0,57.21,15,1,1,53.28,122,4,6,3.93
4,1,172,143,0,35.63,25,1,1,34.75,125,5,6,0.88
3,1,335,97,0,28.84,0,1,0,33.46,147,6,6,-4.62
1,1,141,57,0,39.03,10,1,1,42.99,85,7,6,-3.96
0,1,188,130,167,92.22,10,1,1,105.32,140,8,6,-13.1
2,1,300,86,0,117.69,15,1,1,113.38,82,9,6,4.31
2,1,302,62,0,137.69,25,1,1,120.07,95,10,6,17.62
3,1,382,111,0,65.96,25,1,1,58.69,101,11,6,7.27
4,1,204,44,0,30.86,0,1,0,34.03,74,12,6,-3.17
3,1,332,86,0,73.34,15,1,1,72.81,136,13,6,0.53
4,1,111,40,0,11.68,10,1,0,13.69,37,14,6,-2.01
3,1,272,140,0,43.67,20,1,1,40.52,200,15,6,3.15
4,1,62,36,52,17.91,10,1,0,19.32,57,16,6,-1.41
3,1,221,109,119,57.56,20,1,1,52.64,136,17,6,4.92
2,1,88,66,50,89.13,15,1,1,102.26,55,18,6,-13.13
2,1,0,0,0,122.84,20,1,1,110.93,137,19,6,11.91
3,2,509,132,371,80.86,20,1,1,69.75,154,20,6,11.11
4,2,217,81,139,30.8,5,1,0,29.74,74,21,6,1.06
3,2,430,93,0,75.8,0,1,0,88.98,79,22,6,-13.18
3,2,247,65,210,31.95,15,1,1,37.15,65,23,6,-5.2
1,2,334,107,0,95.04,15,1,1,113.93,157,24,6,-18.89
0,2,74,74,115,63.82,10,1,1,68.88,119,25,6,-5.06
4,2,130,69,0,22.96,10,1,0,25.89,64,26,6,-2.93
3,2,86,86,140,23.51,25,1,1,20.93,145,27,6,2.58
3,2,279,243,521,86.08,10,1,1,81.81,236,28,6,4.27
3,2,152,53,0,73.77,15,1,1,70.27,76,29,6,3.5
3,2,559,206,568,120.94,10,1,1,114.78,201,30,6,6.16
1,2,413,60,0,56.28,15,1,1,61.95,84,31,6,-5.67
3,2,284,66,0,19.27,10,1,0,18.88,73,32,6,0.39
1,2,289,171,0,126.06,20,1,1,111.81,155,33,6,14.25
0,2,457,76,0,69.42,0,1,0,68.34,84,34,6,1.08
0,2,353,173,264,80.89,25,1,1,89.91,161,35,6,-9.02
4,2,424,52,0,18.76,10,1,0,17.08,78,36,6,1.68
0,2,206,120,0,22.23,25,1,1,25.93,115,37,6,-3.7
0,2,391,96,0,68.86,20,1,1,76.1,90,38,6,-7.24
2,2,256,79,0,122.57,10,1,1,137.11,89,39,6,-14.54
4,0,316,141,409,18.5,20,2,1,18.46,187,40,6,0.04
3,0,662,154,0,65.99,0,2,0,62.46,133,41,6,3.53
1,0,234,172,226,121.31,10,2,0,114.6,224,42,6,6.71
3,0,462,162,398,22.18,20,2,1,22.13,140,43,6,0.05
4,0,212,69,0,19.88,20,2,1,17.89,107,44,6,1.99
4,0,174,62,0,35.38,10,2,1,38.95,96,45,6,-3.57
3,0,552,67,0,14.15,10,2,0,14.98,87,46,6,-0.83
0,0,133,124,0,123.56,25,2,1,113.39,202,47,6,10.17
3,0,82,82,209,64.79,15,2,1,75.07,221,48,6,-10.28
3,0,206,114,166,40.8,15,2,1,38.86,148,49,6,1.94
1,0,503,243,0,130.31,25,2,1,146.68,217,50,6,-16.37
2,0,468,175,0,100.54,20,2,1,118.36,151,51,6,-17.82
3,0,743,72,0,68.96,5,2,0,73.84,97,52,6,-4.88
3,0,0,0,0,96.42,20,2,1,108.79,179,53,6,-12.37
3,0,500,90,0,94.15,0,2,0,99.85,86,54,6,-5.7
1,0,163,152,404,100.22,25,2,1,85.84,175,55,6,14.38
2,0,380,90,0,128.92,0,2,0,112.17,77,56,6,16.75
2,0,354,86,0,122.47,20,2,1,121.36,97,57,6,1.11
3,0,106,106,317,69.98,25,2,1,74.67,307,58,6,-4.69
0,0,270,146,0,71.56,25,2,1,78.7,180,59,6,-7.14
3,3,287,88,0,9.25,20,0,1,10.18,111,60,6,-0.93
3,3,112,87,0,23.6,0,0,0,23.4,130,61,6,0.2
2,3,234,54,0,121.52,10,0,0,117.9,52,62,6,3.62
3,3,171,60,0,47.66,15,0,1,40.55,95,63,6,7.11
0,3,230,157,0,80.18,10,0,1,88.3,162,64,6,-8.12
3,3,229,55,0,28.72,20,0,1,25.42,78,65,6,3.3
3,3,253,81,0,28.22,5,0,0,25.1,93,66,6,3.12
2,3,103,74,96,89.39,20,0,1,88.36,96,67,6,1.03
0,3,592,115,0,96.07,20,0,1,107.21,107,68,6,-11.14
3,3,597,218,784,29.29,20,0,1,31.07,222,69,6,-1.78
0,3,293,146,0,61.57,15,0,1,72.03,159,70,6,-10.46
1,3,83,83,131,111.58,20,0,1,131.13,158,71,6,-19.55
3,3,721,83,0,20.75,5,0,0,23.49,117,72,6,-2.74
2,3,223,46,0,119.71,25,0,1,119.28,48,73,6,0.43
2,3,200,53,0,89.97,5,0,0,88.43,54,74,6,1.54
2,3,126,83,0,107.39,20,0,1,91.29,97,75,6,16.1
0,3,228,114,188,131.36,0,0,0,130.43,180,76,6,0.93
2,3,106,106,119,147.45,20,0,1,176.11,114,77,6,-28.66
0,3,89,54,96,43.1,25,0,1,47.26,83,78,6,-4.16
2,3,204,99,0,120.97,15,0,1,117.68,83,79,6,3.29
3,1,258,163,339,13.08,10,1,1,14.13,161,80,6,-1.05
1,1,397,86,0,40.3,0,1,0,42.73,86,81,6,-2.43
4,1,123,71,104,29.04,10,1,0,28.91,99,82,6,0.13
3,1,161,106,117,7.01,10,1,1,8.17,102,83,6,-1.16
3,1,35,35,0,10.42,25,1,1,11.06,53,84,6,-0.64
3,1,300,121,0,52.86,15,1,1,60.89,111,85,6,-8.03
3,1,159,127,0,77.36,10,1,0,88.65,112,86,6,-11.29
3,1,196,117,0,59.97,15,1,1,59.38,118,87,6,0.59
3,1,170,74,0,73.22,25,1,1,80.3,103,88,6,-7.08
3,1,963,144,0,53.57,25,1,1,61.18,157,89,6,-7.61
1,1,0,0,0,76.89,10,1,1,86.57,114,90,6,-9.68
2,1,371,66,0,123.61,10,1,1,111.52,77,91,6,12.09
3,1,458,37,0,66.97,0,1,0,64.97,54,92,6,2.0
2,1,143,60,0,133.69,20,1,1,154.85,77,93,6,-21.16
3,1,249,105,194,45.39,10,1,0,53.16,100,94,6,-7.77
4,1,295,92,0,33.68,15,1,1,40.17,134,95,6,-6.49
4,1,174,71,0,37.15,0,1,0,32.24,76,96,6,4.91
0,1,105,34,0,13.19,25,1,1,14.95,37,97,6,-1.76
2,1,121,84,176,124.92,15,1,1,123.38,75,98,6,1.54
4,1,139,65,118,25.81,20,1,1,28.69,108,99,6,-2.88
1,1,190,98,308,84.03,0,2,0,95.54,146,0,4,-11.51
0,1,156,86,103,55.73,20,2,1,67.09,115,1,4,-11.36
0,1,456,97,442,62.85,5,2,0,61.5,138,2,4,1.35
1,1,146,41,115,76.7,25,2,1,69.92,65,3,4,6.78
3,1,667,71,0,55.13,10,2,0,54.53,92,4,4,0.6
4,1,310,130,440,44.53,10,2,0,38.82,138,5,4,5.71
3,1,735,110,0,28.44,0,2,0,27.95,125,6,4,0.49
1,1,84,84,108,47.69,5,2,0,43.48,114,7,4,4.21
0,1,225,152,151,100.31,10,2,1,109.87,170,8,4,-9.56
2,1,712,37,0,118.84,0,2,0,135.43,54,9,4,-16.59
2,1,240,96,197,135.85,25,2,1,115.6,91,10,4,20.25
3,1,271,100,0,79.21,5,2,0,70.24,85,11,4,8.97
4,1,160,142,181,33.78,15,2,1,37.71,154,12,4,-3.93
3,1,246,138,0,88.88,5,2,0,83.07,165,13,4,5.81
4,1,71,71,91,16.63,0,2,0,19.71,106,14,4,-3.08
3,1,685,71,0,36.35,5,2,0,40.11,94,15,4,-3.76
4,1,78,78,138,24.24,10,2,0,21.31,132,16,4,2.93
3,1,231,123,0,60.31,10,2,0,58.34,112,17,4,1.97
2,1,72,72,69,110.01,5,2,0,121.77,82,18,4,-11.76
2,1,432,157,0,129.63,10,2,0,149.36,133,19,4,-19.73
3,2,377,128,0,89.44,0,1,0,84.9,113,20,4,4.54
4,2,136,69,214,31.48,10,1,1,29.66,96,21,4,1.82
3,2,337,97,0,70.03,10,1,0,79.27,86,22,4,-9.24
3,2,182,110,0,37.81,10,1,1,40.19,97,23,4,-2.38
1,2,639,55,0,75.35,10,1,0,72.02,53,24,4,3.33
0,2,115,115,148,68.69,10,1,0,63.47,127,25,4,5.22
4,2,361,85,0,26.4,10,1,0,24.37,88,26,4,2.03
3,2,140,77,0,22.32,10,1,0,26.84,86,27,4,-4.52
3,2,298,113,0,54.33,25,1,1,50.38,129,28,4,3.95
3,2,99,91,140,94.6,5,1,0,89.83,118,29,4,4.77
3,2,353,152,0,92.11,20,1,1,89.74,143,30,4,2.37
1,2,864,70,0,68.15,5,1,0,58.85,92,31,4,9.3
3,2,218,108,544,24.89,10,1,1,24.8,154,32,4,0.09
1,2,682,33,0,98.21,0,1,0,115.59,31,33,4,-17.38
0,2,985,117,0,74.99,0,1,0,72.16,107,34,4,2.83
0,2,180,30,0,71.37,0,1,0,75.28,37,35,4,-3.91
4,2,372,33,0,17.88,5,1,0,15.35,51,36,4,2.53
0,2,86,86,87,30.2,0,1,0,28.21,105,37,4,1.99
0,2,734,139,0,93.63,0,1,0,111.08,116,38,4,-17.45
2,2,177,88,0,134.79,10,1,0,130.59,102,39,4,4.2
4,0,175,77,0,18.13,0,1,0,20.24,118,40,4,-2.11
3,0,508,138,477,59.42,10,1,1,62.8,150,41,4,-3.38
1,0,288,118,0,92.85,5,1,0,103.91,123,42,4,-11.06
3,0,300,82,0,18.16,25,1,1,16.66,96,43,4,1.5
4,0,143,54,0,20.51,5,1,0,24.65,81,44,4,-4.14
4,0,112,112,143,40.33,5,1,0,43.71,120,45,4,-3.38
3,0,485,160,0,20.64,5,1,0,18.91,179,46,4,1.73
0,0,366,107,0,107.83,5,1,0,123.78,90,47,4,-15.95
3,0,209,130,0,51.96,20,1,1,44.71,140,48,4,7.25
3,0,258,81,0,38.09,10,1,0,34.35,106,49,4,3.74
1,0,260,174,295,137.01,10,1,1,127.76,146,50,4,9.25
2,0,293,72,0,103.88,0,1,0,96.14,74,51,4,7.74
3,0,671,121,0,85.35,10,1,1,99.35,189,52,4,-14.0
3,0,244,111,0,90.22,5,1,0,107.41,98,53,4,-17.19
3,0,1032,59,0,86.56,5,1,0,102.23,77,54,4,-15.67
1,0,244,87,0,97.0,10,1,0,104.18,118,55,4,-7.18
2,0,290,82,0,134.1,0,1,0,126.81,88,56,4,7.29
2,0,268,50,0,133.88,5,1,0,120.9,73,57,4,12.98
3,0,317,62,0,54.36,0,1,0,65.4,94,58,4,-11.04
0,0,124,108,0,81.78,0,1,0,91.62,125,59,4,-9.84
3,3,933,85,0,10.92,10,1,0,11.72,126,60,4,-0.8
3,3,382,191,334,20.33,20,1,1,22.59,174,61,4,-2.26
2,3,554,46,0,130.95,0,1,0,116.47,44,62,4,14.48
3,3,340,70,304,39.0,25,1,1,44.3,88,63,4,-5.3
0,3,73,72,94,66.6,10,1,0,66.46,84,64,4,0.14
3,3,174,122,232,37.63,0,1,0,40.22,107,65,4,-2.59
3,3,735,70,0,26.73,0,1,0,31.82,77,66,4,-5.09
2,3,125,89,85,98.17,5,1,0,105.3,88,67,4,-7.13
0,3,477,220,506,131.78,15,1,1,149.1,198,68,4,-17.32
3,3,379,88,0,26.05,0,1,0,27.81,99,69,4,-1.76
0,3,835,93,0,55.64,10,1,1,61.42,106,70,4,-5.78
1,3,131,61,0,106.65,5,1,0,93.14,73,71,4,13.51
3,3,638,98,0,17.55,15,1,1,16.72,84,72,4,0.83
2,3,177,56,0,163.95,0,1,0,162.92,55,73,4,1.03
2,3,147,81,0,115.41,0,1,0,106.24,111,74,4,9.17
2,3,408,77,0,107.81,10,1,0,118.17,79,75,4,-10.36
0,3,302,74,0,84.09,5,1,0,90.47,68,76,4,-6.38
2,3,119,44,67,144.32,10,1,0,138.62,58,77,4,5.7
0,3,131,80,112,63.78,0,1,0,56.09,98,78,4,7.69
2,3,434,37,0,115.81,0,1,0,133.35,42,79,4,-17.54
3,1,95,95,0,14.59,0,2,0,15.61,163,80,4,-1.02
1,1,311,84,389,37.21,20,2,1,33.72,114,81,4,3.49
4,1,156,111,116,33.01,5,2,0,35.42,139,82,4,-2.41
3,1,172,162,120,8.44,10,2,1,7.58,146,83,4,0.86
3,1,268,82,0,15.43,10,2,0,14.73,97,84,4,0.7
3,1,719,198,652,73.71,5,2,0,80.71,190,85,4,-7.0
3,1,306,130,275,103.96,0,2,0,95.26,159,86,4,8.7
3,1,79,79,135,69.43,5,2,0,77.03,148,87,4,-7.6
3,1,96,87,0,89.43,10,2,1,96.6,109,88,4,-7.17
3,1,819,80,0,58.62,5,2,0,68.66,108,89,4,-10.04
1,1,260,100,0,67.74,25,2,1,77.94,132,90,4,-10.2
2,1,744,52,0,128.7,0,2,0,143.66,73,91,4,-14.96
3,1,421,185,514,76.03,20,2,1,90.91,182,92,4,-14.88
2,1,402,58,0,162.12,5,2,0,191.46,83,93,4,-29.34
3,1,144,144,333,57.1,10,2,0,67.76,178,94,4,-10.66
4,1,817,51,0,31.42,5,2,0,36.64,78,95,4,-5.22
4,1,103,103,116,37.89,5,2,0,45.54,113,96,4,-7.65
0,1,71,71,127,26.78,0,2,0,24.02,145,97,4,2.76
2,1,37,37,130,134.65,5,2,0,154.07,79,98,4,-19.42
4,1,192,105,0,33.11,5,2,0,29.13,116,99,4,3.98
1,1,92,92,0,66.07,10,1,0,63.57,87,0,0,2.5
0,1,173,96,0,58.58,10,1,0,63.45,94,1,0,-4.87
0,1,359,51,0,43.04,15,1,1,49.62,71,2,0,-6.58
1,1,105,65,0,99.27,0,1,0,91.37,57,3,0,7.9
3,1,1357,64,0,56.02,10,1,0,47.81,97,4,0,8.21
4,1,180,85,0,46.2,0,1,0,40.13,115,5,0,6.07
3,1,625,87,0,25.04,10,1,1,26.46,134,6,0,-1.42
1,1,108,108,110,46.73,5,1,0,53.28,124,7,0,-6.55
0,1,224,94,0,96.57,5,1,0,96.17,120,8,0,0.4
2,1,675,36,0,114.83,5,1,0,111.12,45,9,0,3.71
2,1,144,59,0,163.3,5,1,0,155.39,76,10,0,7.91
3,1,171,56,131,61.32,20,1,1,70.34,76,11,0,-9.02
4,1,199,44,0,23.68,25,1,1,23.5,66,12,0,0.18
3,1,476,109,0,60.19,20,1,1,65.11,108,13,0,-4.92
4,1,91,91,95,16.24,5,1,0,14.01,98,14,0,2.23
3,1,614,148,0,38.9,20,1,1,42.05,175,15,0,-3.15
4,1,138,79,118,22.03,10,1,0,20.69,102,16,0,1.34
3,1,108,108,134,50.74,25,1,1,55.32,132,17,0,-4.58
2,1,69,55,55,104.86,0,1,0,111.23,55,18,0,-6.37
2,1,275,111,0,122.03,20,1,1,108.97,135,19,0,13.06
3,2,249,96,0,84.54,10,0,0,91.97,146,20,0,-7.43
4,2,206,57,0,31.44,0,0,0,27.0,66,21,0,4.44
3,2,240,72,244,59.13,25,0,1,54.77,75,22,0,4.36
3,2,72,69,250,41.02,5,0,0,37.35,90,23,0,3.67
1,2,584,112,0,101.71,0,0,0,101.33,108,24,0,0.38
0,2,148,148,134,74.21,0,0,0,87.19,134,25,0,-12.98
4,2,276,200,492,32.05,20,0,1,31.94,195,26,0,0.11
3,2,63,63,102,25.23,10,0,0,29.11,124,27,0,-3.88
3,2,706,132,0,70.5,0,0,0,63.7,120,28,0,6.8
3,2,148,110,120,95.48,0,0,0,106.6,121,29,0,-11.12
3,2,201,185,0,109.02,5,0,0,131.59,160,30,0,-22.57
1,2,794,129,0,61.38,15,0,1,70.19,110,31,0,-8.81
3,2,110,92,0,22.95,10,0,1,22.65,126,32,0,0.3
1,2,649,98,708,114.8,25,0,1,133.09,163,33,0,-18.29
0,2,868,135,0,73.85,5,0,0,70.93,118,34,0,2.92
0,2,414,93,0,79.33,25,0,1,68.51,136,35,0,10.82
4,2,339,144,442,21.92,10,0,0,21.41,126,36,0,0.51
0,2,87,87,140,29.06,15,0,1,26.69,145,37,0,2.37
0,2,595,141,770,107.35,5,0,0,128.83,183,38,0,-21.48
2,2,344,150,498,152.69,15,0,1,137.76,163,39,0,14.93
4,0,507,54,0,15.15,0,2,0,16.67,65,40,0,-1.52
3,0,370,146,0,65.52,0,2,0,75.75,148,41,0,-10.23
1,0,170,168,198,102.47,20,2,1,122.65,224,42,0,-20.18
3,0,218,143,0,26.11,0,2,0,30.75,137,43,0,-4.64
4,0,89,89,0,27.96,0,2,0,24.48,146,44,0,3.48
4,0,143,86,91,39.91,5,2,0,35.93,100,45,0,3.98
3,0,325,204,0,19.27,20,2,1,16.62,220,46,0,2.65
0,0,259,90,200,118.62,10,2,0,105.96,120,47,0,12.66
3,0,79,79,202,72.47,5,2,0,70.46,200,48,0,2.01
3,0,177,106,159,46.84,5,2,0,46.05,157,49,0,0.79
1,0,86,61,0,113.78,5,2,0,125.32,86,50,0,-11.54
2,0,221,58,0,67.81,25,2,1,77.88,51,51,0,-10.07
3,0,1231,115,0,72.09,15,2,1,62.68,130,52,0,9.41
3,0,821,266,0,101.16,25,2,1,112.75,225,53,0,-11.59
3,0,973,39,0,77.03,10,2,0,84.04,59,54,0,-7.01
1,0,561,148,0,93.94,15,2,1,110.05,126,55,0,-16.11
2,0,208,41,0,114.85,0,2,0,136.76,59,56,0,-21.91
2,0,218,44,0,112.33,15,2,1,102.59,56,57,0,9.74
3,0,255,195,0,67.97,5,2,0,67.29,168,58,0,0.68
0,0,769,169,891,108.81,10,2,1,93.08,259,59,0,15.73
3,3,848,99,0,11.13,5,0,0,13.29,115,60,0,-2.16
3,3,191,84,0,18.74,5,0,0,22.29,89,61,0,-3.55
2,3,508,119,0,123.07,25,0,1,111.21,107,62,0,11.86
3,3,270,81,0,52.71,0,0,0,50.35,77,63,0,2.36
0,3,95,65,80,69.57,0,0,0,80.17,81,64,0,-10.6
3,3,52,52,0,39.93,0,0,0,35.71,109,65,0,4.22
3,3,665,61,0,20.88,25,0,1,20.15,74,66,0,0.73
2,3,121,38,0,79.73,5,0,0,92.01,33,67,0,-12.28
0,3,257,93,0,126.5,10,0,0,109.95,142,68,0,16.55
3,3,291,158,0,27.59,5,0,0,31.24,134,69,0,-3.65
0,3,742,106,0,62.28,5,0,0,73.82,125,70,0,-11.54
1,3,70,70,128,91.49,25,0,1,100.84,113,71,0,-9.35
3,3,540,175,611,20.53,25,0,1,18.47,178,72,0,2.06
2,3,121,111,306,199.44,10,0,1,236.04,164,73,0,-36.6
2,3,366,62,0,92.93,0,0,0,111.43,63,74,0,-18.5
2,3,331,76,0,103.51,10,0,1,114.49,67,75,0,-10.98
0,3,228,185,152,112.69,10,0,0,98.09,162,76,0,14.6
2,3,142,90,72,143.49,20,0,1,142.13,90,77,0,1.36
0,3,163,157,167,65.01,10,0,0,69.22,156,78,0,-4.21
2,3,397,147,0,145.76,10,0,1,155.54,140,79,0,-9.78
3,1,339,109,0,13.61,0,1,0,14.72,138,80,0,-1.11
1,1,227,34,0,30.41,10,1,0,36.04,39,81,0,-5.63
4,1,161,68,105,26.19,15,1,1,30.49,101,82,0,-4.3
3,1,130,82,83,8.0,0,1,0,7.63,94,83,0,0.37
3,1,186,61,151,16.62,0,1,0,15.85,88,84,0,0.77
3,1,521,96,0,61.21,0,1,0,57.12,91,85,0,4.09
3,1,176,70,0,62.93,15,1,1,70.71,68,86,0,-7.78
3,1,135,135,122,72.5,0,1,0,82.44,145,87,0,-9.94
3,1,491,124,504,112.68,5,1,0,109.74,151,88,0,2.94
3,1,739,104,0,62.64,5,1,0,55.06,113,89,0,7.58
1,1,160,32,0,59.46,10,1,0,68.22,42,90,0,-8.76
2,1,692,117,0,139.61,10,1,1,148.24,130,91,0,-8.63
3,1,236,176,0,76.85,20,1,1,74.22,166,92,0,2.63
2,1,344,82,344,134.38,25,1,1,143.16,97,93,0,-8.78
3,1,194,47,0,38.42,10,1,0,41.84,53,94,0,-3.42
4,1,766,95,0,33.14,15,1,1,29.56,112,95,0,3.58
4,1,116,61,56,32.86,5,1,0,31.87,57,96,0,0.99
0,1,127,77,114,18.28,20,1,1,20.61,110,97,0,-2.33
2,1,176,107,0,141.26,5,1,0,166.27,93,98,0,-25.01
4,1,87,87,134,34.15,15,1,1,33.81,165,99,0,0.34
1,1,308,96,248,68.56,10,1,1,80.99,113,0,2,-12.43
0,1,77,77,208,76.3,15,1,1,90.66,208,1,2,-14.36
0,1,308,109,0,54.15,15,1,1,58.19,142,2,2,-4.04
1,1,155,32,0,69.37,20,1,1,78.42,36,3,2,-9.05
3,1,1293,95,0,53.57,5,1,0,59.53,83,4,2,-5.96
4,1,95,90,0,35.55,20,1,1,37.46,119,5,2,-1.91
3,1,538,174,650,25.99,10,1,1,31.25,147,6,2,-5.26
1,1,110,69,97,41.98,10,1,1,49.25,107,7,2,-7.27
0,1,130,83,105,88.19,5,1,0,80.62,92,8,2,7.57
2,1,639,74,0,135.63,0,1,0,126.7,76,9,2,8.93
2,1,282,63,0,125.42,25,1,1,135.96,83,10,2,-10.54
3,1,115,105,162,76.44,5,1,0,90.0,90,11,2,-13.56
4,1,155,55,0,26.67,10,1,0,31.05,62,12,2,-4.38
3,1,367,75,348,55.78,25,1,1,58.86,104,13,2,-3.08
4,1,95,95,137,16.38,15,1,1,14.52,137,14,2,1.86
3,1,466,161,508,36.88,25,1,1,32.95,160,15,2,3.93
4,1,177,79,0,21.9,0,1,0,21.7,69,16,2,0.2
3,1,134,134,229,77.51,15,1,1,73.76,227,17,2,3.75
2,1,69,59,64,105.33,10,1,0,101.66,70,18,2,3.67
2,1,588,81,0,124.39,5,1,0,116.58,87,19,2,7.81
3,2,524,83,0,82.34,10,0,1,80.13,120,20,2,2.21
4,2,363,115,0,35.07,10,0,1,33.62,130,21,2,1.45
3,2,168,87,422,78.72,10,0,1,93.43,122,22,2,-14.71
3,2,213,70,0,28.79,25,0,1,34.33,71,23,2,-5.54
1,2,472,40,0,72.89,5,0,0,79.95,44,24,2,-7.06
0,2,134,92,120,60.13,25,0,1,54.74,143,25,2,5.39
4,2,76,76,441,33.12,10,0,1,32.8,163,26,2,0.32
3,2,102,102,139,23.49,15,0,1,25.55,120,27,2,-2.06
3,2,574,133,0,63.41,10,0,0,73.82,137,28,2,-10.41
3,2,158,158,129,107.34,0,0,0,117.4,161,29,2,-10.06
3,2,584,125,526,97.54,20,0,1,107.49,183,30,2,-9.95
1,2,665,63,0,70.27,0,0,0,83.04,101,31,2,-12.77
3,2,18,18,0,25.05,0,0,0,22.96,120,32,2,2.09
1,2,551,170,0,130.84,20,0,1,124.27,169,33,2,6.57
0,2,733,217,798,75.7,20,0,1,66.84,188,34,2,8.86
0,2,321,112,409,98.35,15,0,1,104.4,187,35,2,-6.05
4,2,195,84,0,19.89,5,0,0,17.14,80,36,2,2.75
0,2,140,140,191,30.56,25,0,1,29.2,213,37,2,1.36
0,2,454,55,0,77.42,10,0,0,67.71,75,38,2,9.71
2,2,194,90,0,155.62,0,0,0,175.58,130,39,2,-19.96
4,0,453,116,0,13.26,25,2,1,15.82,110,40,2,-2.56
3,0,224,68,0,40.08,25,2,1,44.12,83,41,2,-4.04
1,0,200,179,204,99.43,25,2,1,95.25,217,42,2,4.18
3,0,473,60,0,16.05,25,2,1,14.37,61,43,2,1.68
4,0,680,46,0,18.68,5,2,0,20.67,55,44,2,-1.99
4,0,148,120,124,37.68,20,2,1,34.33,137,45,2,3.35
3,0,791,315,1073,20.56,25,2,1,19.43,279,46,2,1.13
0,0,169,169,355,111.58,25,2,1,106.85,162,47,2,4.73
3,0,202,66,0,45.88,10,2,0,53.63,80,48,2,-7.75
3,0,230,43,0,33.75,5,2,0,30.87,56,49,2,2.88
1,0,320,118,229,120.03,20,2,1,102.99,141,50,2,17.04
2,0,163,91,182,98.65,10,2,0,92.63,90,51,2,6.02
3,0,1116,112,0,80.03,0,2,0,90.6,128,52,2,-10.57
3,0,555,94,0,77.3,25,2,1,89.81,123,53,2,-12.51
3,0,934,151,0,125.22,10,2,1,113.06,203,54,2,12.16
1,0,413,83,0,90.27,20,2,1,80.01,116,55,2,10.26
2,0,665,44,0,106.32,5,2,0,123.22,52,56,2,-16.9
2,0,660,76,0,138.05,10,2,1,117.99,97,57,2,20.06
3,0,60,60,183,67.83,0,2,0,76.78,167,58,2,-8.95
0,0,600,210,0,120.06,0,2,0,111.2,256,59,2,8.86
3,3,749,123,0,11.21,20,0,1,9.69,158,60,2,1.52
3,3,441,145,0,19.45,20,0,1,17.32,140,61,2,2.13
2,3,389,115,0,120.54,20,0,1,136.15,96,62,2,-15.61
3,3,189,88,333,45.12,25,0,1,53.21,134,63,2,-8.09
0,3,110,110,125,84.07,0,0,0,78.03,124,64,2,6.04
3,3,232,174,307,32.07,25,0,1,38.56,149,65,2,-6.49
3,3,604,127,0,25.03,15,0,1,29.52,106,66,2,-4.49
2,3,83,77,116,95.01,15,0,1,108.92,112,67,2,-13.91
0,3,164,126,0,110.64,10,0,0,124.02,115,68,2,-13.38
3,3,133,133,0,28.48,5,0,0,30.83,145,69,2,-2.35
0,3,636,170,653,68.04,10,0,1,57.9,156,70,2,10.14
1,3,128,61,108,102.56,10,0,0,120.25,92,71,2,-17.69
3,3,365,83,0,22.46,0,0,0,24.86,126,72,2,-2.4
2,3,10,10,0,145.46,15,0,1,174.15,80,73,2,-28.69
2,3,304,108,268,95.36,15,0,1,89.62,102,74,2,5.74
2,3,255,81,266,107.39,15,0,1,129.24,94,75,2,-21.85
0,3,195,125,104,98.17,10,0,0,95.09,114,76,2,3.08
2,3,124,87,109,176.09,15,0,1,167.89,135,77,2,8.2
0,3,173,55,0,56.87,0,0,0,66.16,80,78,2,-9.29
2,3,250,118,275,168.25,0,0,0,167.98,136,79,2,0.27
3,1,230,139,299,10.63,25,1,1,11.75,152,80,2,-1.12
1,1,193,129,0,39.94,10,1,1,46.73,116,81,2,-6.79
4,1,198,152,137,32.98,10,1,1,35.92,158,82,2,-2.94
3,1,131,128,128,7.13,20,1,1,8.54,146,83,2,-1.41
3,1,125,57,0,15.66,0,1,0,17.09,86,84,2,-1.43
3,1,425,71,0,48.22,25,1,1,43.59,106,85,2,4.63
3,1,381,97,0,88.9,10,1,1,76.99,141,86,2,11.91
3,1,122,122,201,65.98,25,1,1,59.02,198,87,2,6.96
3,1,367,70,0,94.5,10,1,0,93.89,110,88,2,0.61
3,1,635,66,0,56.18,5,1,0,63.37,95,89,2,-7.19
1,1,502,62,0,72.69,10,1,1,70.68,81,90,2,2.01
2,1,575,53,0,113.33,10,1,0,124.51,67,91,2,-11.18
3,1,60,39,0,60.39,5,1,0,64.29,54,92,2,-3.9
2,1,262,96,0,168.39,10,1,1,178.03,111,93,2,-9.64
3,1,480,80,0,39.55,15,1,1,44.08,76,94,2,-4.53
4,1,671,79,0,34.5,10,1,1,32.85,107,95,2,1.65
4,1,111,111,135,37.39,10,1,0,40.65,126,96,2,-3.26
0,1,164,55,0,19.9,10,1,1,18.75,84,97,2,1.15
2,1,199,72,0,118.86,10,1,0,125.81,60,98,2,-6.95
4,1,134,129,99,30.72,10,1,0,26.36,110,99,2,4.36
1,1,212,57,0,62.76,10,2,0,67.11,87,0,3,-4.35
0,1,208,134,169,80.13,5,2,0,87.22,183,1,3,-7.09
0,1,199,165,526,66.41,5,2,0,64.8,157,2,3,1.61
1,1,123,82,233,112.58,5,2,0,119.28,124,3,3,-6.7
3,1,1198,88,0,56.42,5,2,0,63.03,99,4,3,-6.61
4,1,445,113,0,43.73,10,2,0,43.22,132,5,3,0.51
3,1,364,65,0,21.29,10,2,0,24.82,84,6,3,-3.53
1,1,138,87,0,38.58,10,2,0,44.2,81,7,3,-5.62
0,1,152,117,145,95.45,5,2,0,104.23,133,8,3,-8.78
2,1,565,101,0,121.82,15,2,1,133.27,107,9,3,-11.45
2,1,219,130,179,173.38,10,2,0,158.23,110,10,3,15.15
3,1,141,84,253,86.89,10,2,0,80.21,131,11,3,6.68
4,1,100,100,98,30.92,10,2,0,36.09,105,12,3,-5.17
3,1,292,178,0,94.42,0,2,0,91.69,168,13,3,2.73
4,1,137,65,104,16.07,5,2,0,15.17,95,14,3,0.9
3,1,305,131,0,42.45,10,2,0,49.21,163,15,3,-6.76
4,1,98,70,93,17.97,25,2,1,16.67,95,16,3,1.3
3,1,229,81,0,58.15,10,2,0,56.34,101,17,3,1.81
2,1,74,44,67,110.34,0,2,0,116.75,68,18,3,-6.41
2,1,507,217,786,131.7,25,2,1,126.45,186,19,3,5.25
3,2,441,85,0,72.8,10,0,0,77.77,97,20,3,-4.97
4,2,248,98,200,35.31,0,0,0,31.8,99,21,3,3.51
3,2,81,75,0,83.67,5,0,0,91.79,124,22,3,-8.12
3,2,143,83,0,37.02,5,0,0,44.17,75,23,3,-7.15
1,2,432,60,312,89.65,5,0,0,83.39,86,24,3,6.26
0,2,162,136,137,81.45,0,0,0,71.23,149,25,3,10.22
4,2,0,0,0,29.68,10,0,0,35.85,142,26,3,-6.17
3,2,139,81,111,27.27,0,0,0,26.63,99,27,3,0.64
3,2,441,91,0,71.1,0,0,0,83.59,140,28,3,-12.49
3,2,129,129,226,99.51,20,0,1,106.88,219,29,3,-7.37
3,2,459,91,0,95.2,5,0,0,105.75,114,30,3,-10.55
1,2,602,79,0,69.5,0,0,0,78.54,98,31,3,-9.04
3,2,544,118,0,22.14,10,0,0,21.55,114,32,3,0.59
1,2,381,70,0,111.09,10,0,0,100.24,77,33,3,10.85
0,2,516,109,0,68.62,0,0,0,79.51,95,34,3,-10.89
0,2,209,86,0,95.73,0,0,0,103.08,119,35,3,-7.35
4,2,111,111,578,21.43,25,0,1,19.79,183,36,3,1.64
0,2,191,81,0,25.49,5,0,0,23.69,70,37,3,1.8
0,2,399,85,0,88.51,0,0,0,105.81,99,38,3,-17.3
2,2,104,104,0,143.21,20,0,1,127.5,162,39,3,15.71
4,0,337,109,0,16.03,10,2,0,18.63,113,40,3,-2.6
3,0,633,91,0,65.38,0,2,0,73.37,147,41,3,-7.99
1,0,225,96,154,113.16,0,2,0,113.15,155,42,3,0.01
3,0,413,108,0,20.27,10,2,0,23.91,90,43,3,-3.64
4,0,634,63,0,20.94,5,2,0,19.8,72,44,3,1.14
4,0,152,86,115,35.45,10,2,0,41.65,96,45,3,-6.2
3,0,476,123,0,18.9,10,2,0,20.64,185,46,3,-1.74
0,0,200,104,0,122.87,0,2,0,130.3,114,47,3,-7.43
3,0,136,136,126,64.71,5,2,0,64.68,157,48,3,0.03
3,0,187,151,138,41.46,10,2,1,39.19,134,49,3,2.27
1,0,202,52,0,102.05,10,2,0,114.45,70,50,3,-12.4
2,0,72,72,0,93.38,10,2,0,107.89,89,51,3,-14.51
3,0,1004,118,0,74.17,10,2,0,69.48,121,52,3,4.69
3,0,461,114,0,96.55,5,2,0,107.64,119,53,3,-11.09
3,0,783,56,0,79.36,10,2,0,85.95,67,54,3,-6.59
1,0,330,108,0,97.45,5,2,0,115.42,102,55,3,-17.97
2,0,621,179,756,119.73,25,2,1,127.49,162,56,3,-7.76
2,0,584,33,0,122.84,0,2,0,117.33,37,57,3,5.51
3,0,183,72,0,51.98,5,2,0,57.91,95,58,3,-5.93
0,0,390,222,0,98.38,15,2,1,118.52,263,59,3,-20.14
3,3,626,126,676,14.34,5,0,0,13.33,186,60,3,1.01
3,3,296,144,0,22.25,0,0,0,26.25,127,61,3,-4.0
2,3,274,63,200,140.32,5,0,0,132.39,76,62,3,7.93
3,3,405,95,0,49.28,10,0,0,46.15,88,63,3,3.13
0,3,125,68,97,66.25,10,0,0,74.78,98,64,3,-8.53
3,3,58,58,0,41.55,0,0,0,45.83,139,65,3,-4.28
3,3,477,119,0,27.5,5,0,0,30.91,100,66,3,-3.41
2,3,122,55,94,90.81,10,0,0,97.59,81,67,3,-6.78
0,3,544,84,0,128.66,0,0,0,113.0,113,68,3,15.66
3,3,784,99,0,21.73,25,0,1,20.17,116,69,3,1.56
0,3,466,88,0,57.43,10,0,0,57.03,100,70,3,0.4
1,3,175,109,0,114.07,10,0,0,122.13,125,71,3,-8.06
3,3,282,113,0,19.09,10,0,0,21.23,108,72,3,-2.14
2,3,306,45,0,160.04,5,0,0,159.53,62,73,3,0.51
2,3,196,63,0,99.97,0,0,0,88.42,69,74,3,11.55
2,3,174,30,0,100.04,10,0,0,86.31,45,75,3,13.73
0,3,174,174,230,122.29,10,0,1,137.95,214,76,3,-15.66
2,3,146,81,71,158.72,10,0,0,135.77,85,77,3,22.95
0,3,118,109,151,62.54,10,0,0,68.99,143,78,3,-6.45
2,3,132,67,0,102.05,25,0,1,112.26,85,79,3,-10.21
3,1,91,77,0,11.26,5,2,0,10.85,79,80,3,0.41
1,1,453,95,0,38.29,10,2,0,33.55,87,81,3,4.74
4,1,183,81,110,28.09,10,2,0,34.0,104,82,3,-5.91
3,1,131,125,107,8.3,0,2,0,7.31,105,83,3,0.99
3,1,219,107,256,15.91,10,2,0,16.81,123,84,3,-0.9
3,1,354,134,0,66.61,0,2,0,60.42,117,85,3,6.19
3,1,284,67,0,77.16,0,2,0,75.0,65,86,3,2.16
3,1,201,38,0,47.04,10,2,0,51.73,47,87,3,-4.69
3,1,297,81,0,104.96,5,2,0,96.01,127,88,3,8.95
3,1,569,233,518,73.1,10,2,1,88.08,207,89,3,-14.98
1,1,440,88,0,82.88,0,2,0,79.91,89,90,3,2.97
2,1,522,40,0,110.49,0,2,0,126.73,34,91,3,-16.24
3,1,535,110,0,76.82,5,2,0,75.64,108,92,3,1.18
2,1,166,98,0,181.82,0,2,0,158.58,86,93,3,23.24
3,1,400,93,0,47.25,10,2,0,43.87,96,94,3,3.38
4,1,592,74,0,35.87,5,2,0,33.85,102,95,3,2.02
4,1,135,117,137,37.94,10,2,1,32.27,114,96,3,5.67
0,1,109,105,112,21.83,10,2,0,23.3,129,97,3,-1.47
2,1,127,30,83,110.82,10,2,0,118.18,42,98,3,-7.36
4,1,104,104,199,34.99,25,2,1,42.18,248,99,3,-7.19
1,1,403,88,0,68.99,5,0,0,81.14,99,0,1,-12.15
0,1,243,192,0,74.31,10,0,1,78.49,175,1,1,-4.18
0,1,476,109,0,59.9,10,0,0,54.6,140,2,1,5.3
1,1,41,32,0,84.98,0,0,0,92.98,31,3,1,-8.0
3,1,1110,142,0,61.16,10,0,0,65.97,142,4,1,-4.81
4,1,332,51,0,39.24,0,0,0,38.52,67,5,1,0.72
3,1,299,166,0,26.19,15,0,1,25.75,152,6,1,0.44
1,1,51,51,132,43.59,15,0,1,52.42,138,7,1,-8.83
0,1,180,180,174,107.23,5,0,0,118.55,175,8,1,-11.32
2,1,464,60,0,125.13,5,0,0,112.97,68,9,1,12.16
2,1,89,89,188,171.1,0,0,0,206.83,90,10,1,-35.73
3,1,219,108,0,92.85,10,0,0,90.63,154,11,1,2.22
4,1,98,98,114,33.19,5,0,0,35.15,110,12,1,-1.96
3,1,114,107,0,67.09,10,0,0,72.16,105,13,1,-5.07
4,1,176,74,109,15.42,10,0,0,17.93,115,14,1,-2.51
3,1,174,75,0,35.68,10,0,0,32.83,89,15,1,2.85
4,1,121,85,77,20.01,15,0,1,17.98,90,16,1,2.03
3,1,148,148,218,88.17,10,0,1,75.18,259,17,1,12.99
2,1,97,53,52,100.04,5,0,0,117.28,56,18,1,-17.24
2,1,290,22,0,72.13,25,0,1,81.55,21,19,1,-9.42
3,2,356,147,407,92.41,5,0,0,88.99,140,20,1,3.42
4,2,150,61,0,27.48,15,0,1,30.15,88,21,1,-2.67
3,2,250,110,0,89.45,5,0,0,77.47,130,22,1,11.98
3,2,310,84,212,37.68,5,0,0,45.01,80,23,1,-7.33
1,2,372,94,0,106.04,0,0,0,100.79,122,24,1,5.25
0,2,163,116,124,64.91,10,0,0,73.71,125,25,1,-8.8
4,2,492,161,0,31.33,10,0,1,28.42,143,26,1,2.91
3,2,169,114,103,25.46,10,0,1,30.11,127,27,1,-4.65
3,2,350,59,0,60.43,0,0,0,65.04,89,28,1,-4.61
3,2,226,182,200,101.82,10,0,0,121.22,181,29,1,-19.4
3,2,368,65,0,87.8,10,0,0,83.43,90,30,1,4.37
1,2,523,126,707,76.85,10,0,0,65.9,149,31,1,10.95
3,2,426,96,0,22.43,10,0,0,20.78,118,32,1,1.65
1,2,311,80,0,126.79,10,0,0,121.62,117,33,1,5.17
0,2,407,65,0,65.99,0,0,0,75.98,84,34,1,-9.99
0,2,532,140,0,95.41,10,0,0,90.03,136,35,1,5.38
4,2,442,103,0,18.81,20,0,1,21.5,131,36,1,-2.69
0,2,110,110,148,23.86,25,0,1,26.25,138,37,1,-2.39
0,2,314,111,0,87.49,5,0,0,94.21,111,38,1,-6.72
2,2,498,86,0,112.29,20,0,1,121.05,98,39,1,-8.76
4,0,228,96,202,16.94,5,0,0,17.9,113,40,1,-0.96
3,0,542,183,727,63.2,20,0,1,72.68,220,41,1,-9.48
1,0,283,66,0,83.72,10,0,0,71.25,91,42,1,12.47
3,0,305,49,0,19.53,5,0,0,20.91,64,43,1,-1.38
4,0,571,43,0,18.63,10,0,0,20.43,69,44,1,-1.8
4,0,181,92,0,35.1,10,0,0,30.26,78,45,1,4.84
3,0,353,108,0,15.05,25,0,1,14.05,149,46,1,1.0
0,0,451,85,0,107.02,15,0,1,102.14,106,47,1,4.88
3,0,126,106,135,54.33,10,0,0,64.59,132,48,1,-10.26
3,0,174,97,157,47.61,0,0,0,46.16,145,49,1,1.45
1,0,379,94,0,149.55,0,0,0,144.56,140,50,1,4.99
2,0,182,43,0,80.32,10,0,0,87.49,48,51,1,-7.17
3,0,886,161,0,81.49,5,0,0,89.92,152,52,1,-8.43
3,0,347,127,332,104.46,0,0,0,115.53,128,53,1,-11.07
3,0,727,138,0,96.09,10,0,0,110.49,125,54,1,-14.4
1,0,222,128,250,106.66,5,0,0,112.33,131,55,1,-5.67
2,0,442,83,0,113.54,20,0,1,105.88,105,56,1,7.66
2,0,551,39,0,122.41,10,0,1,114.14,63,57,1,8.27
3,0,111,88,96,55.22,0,0,0,64.81,98,58,1,-9.59
0,0,168,168,979,93.11,25,0,1,81.4,271,59,1,11.71
3,3,500,138,0,12.72,0,0,0,15.09,142,60,1,-2.37
3,3,152,152,309,21.6,15,0,1,23.84,174,61,1,-2.24
2,3,211,62,0,136.67,10,0,0,135.22,84,62,1,1.45
3,3,310,41,0,47.32,0,0,0,52.51,62,63,1,-5.19
0,3,154,74,108,73.22,0,0,0,78.04,96,64,1,-4.82
3,3,307,63,0,35.07,0,0,0,32.13,71,65,1,2.94
3,3,358,53,0,20.07,15,0,1,23.25,44,66,1,-3.18
2,3,161,126,101,103.15,15,0,1,90.65,122,67,1,12.5
0,3,460,170,498,135.11,0,0,0,156.6,146,68,1,-21.49
3,3,685,42,0,22.11,10,0,0,20.09,68,69,1,2.02
0,3,378,56,0,54.14,5,0,0,65.38,82,70,1,-11.24
1,3,66,66,63,96.77,10,0,0,108.38,75,71,1,-11.61
3,3,780,173,0,22.51,10,0,0,24.18,164,72,1,-1.67
2,3,261,51,0,164.16,5,0,0,155.15,69,73,1,9.01
2,3,133,83,0,104.1,0,0,0,109.69,95,74,1,-5.59
2,3,144,62,0,124.42,0,0,0,117.68,75,75,1,6.74
0,3,230,76,0,83.44,20,0,1,98.43,116,76,1,-14.99
2,3,136,106,108,128.85,25,0,1,140.04,92,77,1,-11.19
0,3,160,96,150,64.64,10,0,0,62.84,136,78,1,1.8
2,3,340,69,0,113.2,15,0,1,111.06,65,79,1,2.14
3,1,313,131,0,12.03,5,0,0,13.64,114,80,1,-1.61
1,1,358,130,497,45.9,20,0,1,43.64,189,81,1,2.26
4,1,212,155,136,32.4,5,0,0,34.42,133,82,1,-2.02
3,1,113,61,79,7.55,5,0,0,6.46,92,83,1,1.09
3,1,112,78,0,13.34,10,0,0,14.97,70,84,1,-1.63
3,1,872,55,0,57.85,0,0,0,64.62,89,85,1,-6.77
3,1,217,111,288,87.12,10,0,1,91.98,152,86,1,-4.86
3,1,163,146,116,63.14,10,0,1,69.15,133,87,1,-6.01
3,1,720,126,0,119.96,5,0,0,114.73,174,88,1,5.23
3,1,336,87,0,70.78,0,0,0,70.74,136,89,1,0.04
1,1,352,45,0,68.44,5,0,0,66.94,50,90,1,1.5
2,1,482,93,492,151.97,0,0,0,142.67,107,91,1,9.3
3,1,425,94,457,79.93,5,0,0,91.51,137,92,1,-11.58
2,1,412,72,0,160.8,5,0,0,170.6,81,93,1,-9.8
3,1,307,137,225,53.55,10,0,0,50.1,137,94,1,3.45
4,1,518,86,0,31.25,10,0,0,35.52,92,95,1,-4.27
4,1,155,118,165,42.06,10,0,1,36.76,149,96,1,5.3
0,1,116,116,161,22.21,10,0,1,26.36,135,97,1,-4.15
2,1,97,97,213,141.81,10,0,0,139.44,95,98,1,2.37
4,1,199,197,200,31.28,25,0,1,30.97,179,99,1,0.31
1,1,315,112,0,73.71,0,0,0,85.29,103,0,5,-11.58
0,1,51,51,176,73.44,15,0,1,66.83,172,1,5,6.61
0,1,367,89,0,56.98,10,0,0,55.54,123,2,5,1.44
1,1,242,49,0,98.78,5,0,0,87.66,69,3,5,11.12
3,1,968,80,0,53.96,15,0,1,53.94,103,4,5,0.02
4,1,281,85,0,35.91,10,0,1,32.42,72,5,5,3.49
3,1,133,133,0,27.21,10,0,0,31.56,164,6,5,-4.35
1,1,132,86,96,47.22,0,0,0,43.79,95,7,5,3.43
0,1,174,174,188,105.27,5,0,0,116.58,168,8,5,-11.31
2,1,404,82,500,144.24,0,0,0,166.65,109,9,5,-22.41
2,1,179,69,0,146.6,5,0,0,160.39,61,10,5,-13.79
3,1,364,136,0,87.87,10,0,1,84.25,134,11,5,3.62
4,1,114,84,80,31.51,10,0,0,26.92,95,12,5,4.59
3,1,355,99,329,58.9,25,0,1,70.84,122,13,5,-11.94
4,1,211,100,0,14.0,25,0,1,13.98,126,14,5,0.02
3,1,607,85,0,37.94,10,0,1,37.18,108,15,5,0.76
4,1,113,88,98,21.69,10,0,0,20.59,97,16,5,1.1
3,1,218,49,0,49.44,10,0,0,42.62,55,17,5,6.82
2,1,96,18,0,87.02,5,0,0,95.58,22,18,5,-8.56
2,1,268,101,0,130.72,15,0,1,138.49,156,19,5,-7.77
3,2,209,93,0,82.63,10,2,0,88.52,138,20,5,-5.89
4,2,289,83,0,27.21,10,2,1,28.66,69,21,5,-1.45
3,2,562,58,0,73.23,0,2,0,79.82,69,22,5,-6.59
3,2,226,48,0,38.32,5,2,0,35.21,70,23,5,3.11
1,2,278,108,441,83.53,20,2,1,87.97,133,24,5,-4.44
0,2,171,171,210,76.07,20,2,1,67.67,208,25,5,8.4
4,2,772,111,0,32.95,5,2,0,30.12,142,26,5,2.83
3,2,158,137,145,31.15,5,2,0,28.13,161,27,5,3.02
3,2,291,143,356,82.18,5,2,0,72.39,194,28,5,9.79
3,2,244,142,0,93.68,10,2,0,108.91,150,29,5,-15.23
3,2,829,93,0,107.39,10,2,0,106.72,155,30,5,0.67
1,2,397,87,0,59.97,15,2,1,52.9,87,31,5,7.07
3,2,330,85,273,22.76,5,2,0,20.52,106,32,5,2.24
1,2,939,203,919,142.46,25,2,1,129.42,229,33,5,13.04
0,2,342,178,0,67.32,25,2,1,57.59,168,34,5,9.73
0,2,392,217,393,88.81,25,2,1,105.87,196,35,5,-17.06
4,2,339,156,0,22.94,5,2,0,26.95,140,36,5,-4.01
0,2,148,46,0,24.77,5,2,0,29.76,76,37,5,-4.99
0,2,973,75,0,91.42,0,2,0,88.1,93,38,5,3.32
2,2,412,166,375,136.37,20,2,1,130.43,144,39,5,5.94
4,0,132,129,0,18.9,0,2,0,17.83,115,40,5,1.07
3,0,359,123,0,57.99,10,2,1,65.16,142,41,5,-7.17
1,0,217,128,178,123.23,0,2,0,131.1,208,42,5,-7.87
3,0,256,85,256,21.05,5,2,0,25.06,85,43,5,-4.01
4,0,528,181,767,21.8,25,2,1,19.73,160,44,5,2.07
4,0,89,89,217,48.43,15,2,1,43.61,209,45,5,4.82
3,0,245,131,0,18.48,0,2,0,17.35,122,46,5,1.13
0,0,366,119,0,124.3,5,2,0,150.2,135,47,5,-25.9
3,0,155,155,223,67.37,10,2,0,62.28,192,48,5,5.09
3,0,234,134,0,41.89,5,2,0,37.06,119,49,5,4.83
1,0,285,123,317,150.34,0,2,0,150.16,142,50,5,0.18
2,0,139,83,130,88.54,10,2,1,95.97,73,51,5,-7.43
3,0,725,102,0,66.12,10,2,0,70.45,101,52,5,-4.33
3,0,220,144,431,100.61,15,2,1,111.45,172,53,5,-10.84
3,0,589,158,786,122.99,10,2,1,110.96,196,54,5,12.03
1,0,94,94,412,100.18,25,2,1,111.87,195,55,5,-11.69
2,0,359,58,0,117.21,10,2,0,103.75,79,56,5,13.46
2,0,512,86,532,144.77,5,2,0,159.5,111,57,5,-14.73
3,0,119,57,71,47.35,5,2,0,56.07,69,58,5,-8.72
0,0,891,68,0,58.39,25,2,1,55.8,94,59,5,2.59
3,3,362,215,0,14.47,0,0,0,16.55,190,60,5,-2.08
3,3,0,0,372,23.33,10,0,1,26.55,182,61,5,-3.22
2,3,149,46,0,126.58,10,0,0,143.59,76,62,5,-17.01
3,3,602,23,0,40.52,5,0,0,37.78,23,63,5,2.74
0,3,188,90,162,63.36,25,0,1,71.41,143,64,5,-8.05
3,3,244,132,289,39.57,10,0,1,43.35,159,65,5,-3.78
3,3,305,74,362,26.81,10,0,0,23.37,93,66,5,3.44
2,3,136,57,0,90.25,5,0,0,99.38,64,67,5,-9.13
0,3,290,117,0,135.07,0,0,0,144.2,146,68,5,-9.13
3,3,643,100,0,24.01,10,0,0,28.55,106,69,5,-4.54
0,3,322,122,0,60.76,10,0,0,58.98,118,70,5,1.78
1,3,63,46,66,91.92,15,0,1,86.9,63,71,5,5.02
3,3,607,48,0,17.59,10,0,0,16.97,69,72,5,0.62
2,3,210,102,190,171.74,10,0,1,193.94,113,73,5,-22.2
2,3,318,78,281,90.06,10,0,1,105.17,83,74,5,-15.11
2,3,348,64,0,103.65,15,0,1,123.72,84,75,5,-20.07
0,3,154,88,87,87.18,10,0,0,103.45,94,76,5,-16.27
2,3,138,57,0,151.05,5,0,0,182.5,70,77,5,-31.45
0,3,214,74,0,65.03,0,0,0,78.16,120,78,5,-13.13
2,3,271,146,333,164.09,10,0,1,161.29,164,79,5,2.8
3,1,182,55,0,9.78,10,0,0,11.23,69,80,5,-1.45
1,1,228,94,0,40.32,10,0,1,46.94,119,81,5,-6.62
4,1,193,66,0,29.19,10,0,0,27.12,101,82,5,2.07
3,1,131,75,123,7.95,5,0,0,7.22,108,83,5,0.73
3,1,290,120,236,14.91,25,0,1,14.26,145,84,5,0.65
3,1,817,190,1074,69.88,25,0,1,60.91,245,85,5,8.97
3,1,106,106,0,86.83,10,0,0,97.36,151,86,5,-10.53
3,1,133,73,101,66.74,0,0,0,61.98,101,87,5,4.76
3,1,594,109,0,94.78,10,0,0,103.17,128,88,5,-8.39
3,1,249,50,0,50.93,5,0,0,53.95,67,89,5,-3.02
1,1,307,63,313,76.82,0,0,0,86.51,82,90,5,-9.69
2,1,389,46,0,114.58,10,0,1,112.03,56,91,5,2.55
3,1,331,160,0,79.63,5,0,0,92.93,136,92,5,-13.3
2,1,340,4,0,92.97,25,0,1,99.14,4,93,5,-6.17
3,1,170,121,354,61.83,10,0,1,54.15,189,94,5,7.68
4,1,432,94,458,33.73,20,0,1,36.54,156,95,5,-2.81
4,1,202,77,0,36.03,0,0,0,43.28,82,96,5,-7.25
0,1,161,158,146,26.83,5,0,0,23.52,165,97,5,3.31
2,1,83,83,0,135.48,10,0,0,120.62,82,98,5,14.86
4,1,202,117,147,33.43,15,0,1,31.71,157,99,5,1.72
1,1,203,70,179,65.76,10,1,0,60.13,85,0,6,5.63
0,1,176,131,147,71.02,5,1,0,76.21,139,1,6,-5.19
0,1,278,149,0,57.89,10,1,1,51.07,128,2,6,6.82
1,1,193,82,202,104.01,0,1,0,125.78,84,3,6,-21.77
3,1,888,90,0,61.19,10,1,0,55.59,125,4,6,5.6
4,1,196,121,384,43.79,0,1,0,51.43,115,5,6,-7.64
3,1,650,25,0,20.0,0,1,0,21.2,39,6,6,-1.2
1,1,142,142,144,38.96,25,1,1,44.32,142,7,6,-5.36
0,1,188,150,172,89.65,15,1,1,99.74,150,8,6,-10.09
2,1,322,67,0,114.38,15,1,1,101.04,74,9,6,13.34
2,1,298,97,0,153.97,10,1,0,162.49,90,10,6,-8.52
3,1,228,109,219,75.84,10,1,0,88.74,103,11,6,-12.9
4,1,110,100,127,31.46,15,1,1,31.45,112,12,6,0.01
3,1,256,69,0,72.22,0,1,0,71.99,80,13,6,0.23
4,1,111,84,85,12.13,20,1,1,13.23,78,14,6,-1.1
3,1,522,84,0,30.1,25,1,1,33.62,108,15,6,-3.52
4,1,123,96,173,25.73,10,1,1,22.98,153,16,6,2.75
3,1,169,111,133,58.26,10,1,0,65.47,118,17,6,-7.21
2,1,78,72,73,116.22,5,1,0,101.25,83,18,6,14.97
2,1,167,44,0,102.87,10,1,0,110.29,63,19,6,-7.42
3,2,116,52,0,75.4,0,1,0,73.04,63,20,6,2.36
4,2,206,169,340,38.32,0,1,0,41.45,142,21,6,-3.13
3,2,504,156,412,91.23,10,1,1,89.34,155,22,6,1.89
3,2,178,104,0,38.67,5,1,0,44.78,87,23,6,-6.11
1,2,170,79,0,84.87,10,1,0,81.26,85,24,6,3.61
0,2,210,67,0,61.68,10,1,0,70.56,109,25,6,-8.88
4,2,661,71,0,26.79,10,1,0,23.24,93,26,6,3.55
3,2,166,157,142,28.79,15,1,1,26.96,173,27,6,1.83
3,2,148,99,0,65.73,10,1,1,60.03,132,28,6,5.7
3,2,102,102,227,105.84,10,1,1,117.1,196,29,6,-11.26
3,2,736,138,0,118.32,5,1,0,139.33,191,30,6,-21.01
1,2,310,23,0,51.36,5,1,0,55.32,31,31,6,-3.96
3,2,245,150,0,21.85,15,1,1,24.96,146,32,6,-3.11
1,2,736,42,0,94.84,5,1,0,107.58,35,33,6,-12.74
0,2,962,132,0,71.36,25,1,1,65.51,191,34,6,5.85
0,2,175,92,0,78.04,25,1,1,71.02,130,35,6,7.02
4,2,761,96,0,20.11,10,1,1,18.15,99,36,6,1.96
0,2,102,73,78,27.19,0,1,0,26.43,74,37,6,0.76
0,2,898,12,0,60.55,5,1,0,65.98,14,38,6,-5.43
2,2,246,45,0,121.05,10,1,0,120.76,70,39,6,0.29
4,0,205,126,248,19.47,0,2,0,18.43,125,40,6,1.04
3,0,236,101,0,61.71,5,2,0,54.96,127,41,6,6.75
1,0,267,77,0,77.37,15,2,1,74.26,85,42,6,3.11
3,0,171,131,528,28.73,0,2,0,24.67,153,43,6,4.06
4,0,347,73,0,22.64,5,2,0,26.37,110,44,6,-3.73
4,0,217,82,0,37.77,10,2,0,45.35,116,45,6,-7.58
3,0,1187,102,0,18.37,5,2,0,15.95,137,46,6,2.42
0,0,247,57,0,102.68,10,2,1,100.96,77,47,6,1.72
3,0,223,184,238,62.71,20,2,1,66.36,233,48,6,-3.65
3,0,100,100,290,53.19,10,2,1,59.01,252,49,6,-5.82
1,0,162,162,0,177.36,0,2,0,154.17,204,50,6,23.19
2,0,56,51,169,89.99,10,2,0,104.71,78,51,6,-14.72
3,0,623,151,795,81.04,25,2,1,97.3,244,52,6,-16.26
3,0,76,76,0,104.85,5,2,0,102.27,129,53,6,2.58
3,0,431,105,0,86.14,20,2,1,98.36,128,54,6,-12.22
1,0,250,213,0,120.66,15,2,1,106.0,199,55,6,14.66
2,0,301,22,0,81.34,25,2,1,80.81,32,56,6,0.53
2,0,426,60,0,129.9,10,2,0,148.98,95,57,6,-19.08
3,0,133,133,119,60.98,0,2,0,69.36,130,58,6,-8.38
0,0,823,113,0,79.66,5,2,0,68.19,117,59,6,11.47
3,3,147,49,0,10.14,0,1,0,9.42,58,60,6,0.72
3,3,309,54,0,18.98,0,1,0,16.25,64,61,6,2.73
2,3,303,38,0,102.02,25,1,1,93.55,53,62,6,8.47
3,3,579,39,0,41.55,10,1,0,49.12,55,63,6,-7.57
0,3,260,43,0,61.35,10,1,0,53.61,62,64,6,7.74
3,3,112,42,0,28.22,10,1,0,26.91,42,65,6,1.31
3,3,231,106,692,31.26,10,1,0,35.29,161,66,6,-4.03
2,3,79,34,51,73.72,20,1,1,68.67,43,67,6,5.05
0,3,173,60,0,87.77,25,1,1,94.68,99,68,6,-6.91
3,3,543,110,518,26.1,15,1,1,29.54,153,69,6,-3.44
0,3,853,118,0,70.22,0,1,0,61.83,131,70,6,8.39
1,3,83,70,70,101.86,5,1,0,109.85,74,71,6,-7.99
3,3,559,145,0,22.15,10,1,1,19.82,140,72,6,2.33
2,3,108,71,0,170.1,5,1,0,151.21,78,73,6,18.89
2,3,240,105,0,83.75,25,1,1,72.5,101,74,6,11.25
2,3,284,72,0,109.64,10,1,1,97.22,69,75,6,12.42
0,3,153,85,156,94.57,20,1,1,85.78,141,76,6,8.79
2,3,81,48,53,145.49,10,1,0,135.72,61,77,6,9.77
0,3,140,54,81,58.77,5,1,0,51.91,89,78,6,6.86
2,3,125,68,0,137.14,10,1,0,128.55,104,79,6,8.59
3,1,127,92,284,12.5,5,1,0,14.53,127,80,6,-2.03
1,1,134,100,0,38.33,10,1,0,36.77,88,81,6,1.56
4,1,127,71,101,25.56,20,1,1,24.92,96,82,6,0.64
3,1,179,131,122,7.6,5,1,0,8.94,110,83,6,-1.34
3,1,170,68,0,15.94,10,1,0,15.87,107,84,6,0.07
3,1,627,151,0,66.81,0,1,0,71.93,135,85,6,-5.12
3,1,288,104,240,91.67,0,1,0,81.35,116,86,6,10.32
3,1,161,125,96,54.35,20,1,1,51.57,106,87,6,2.78
3,1,485,159,489,98.4,20,1,1,118.29,184,88,6,-19.89
3,1,717,106,0,46.75,25,1,1,53.03,111,89,6,-6.28
1,1,244,96,0,80.36,5,1,0,75.91,95,90,6,4.45
2,1,343,24,0,113.59,5,1,0,103.82,40,91,6,9.77
3,1,171,106,0,66.83,15,1,1,66.01,99,92,6,0.82
2,1,336,52,0,147.2,5,1,0,175.15,56,93,6,-27.95
3,1,274,118,0,50.06,10,1,1,58.73,131,94,6,-8.67
4,1,338,111,0,32.37,10,1,1,36.47,103,95,6,-4.1
4,1,125,125,146,33.71,25,1,1,29.82,135,96,6,3.89
0,1,149,101,121,23.43,10,1,0,20.78,136,97,6,2.65
2,1,213,61,152,133.7,10,1,0,143.08,93,98,6,-9.38
4,1,232,96,0,31.45,10,1,0,28.17,117,99,6,3.28
1,1,133,80,0,54.01,20,0,1,61.35,77,0,4,-7.34
0,1,192,179,161,62.77,25,0,1,57.1,161,1,4,5.67
0,1,655,200,895,57.76,20,0,1,66.42,189,2,4,-8.66
1,1,111,97,0,93.82,15,0,1,90.96,86,3,4,2.86
3,1,798,131,0,49.79,25,0,1,44.36,117,4,4,5.43
4,1,75,62,0,35.52,5,0,0,41.09,68,5,4,-5.57
3,1,625,170,730,27.05,10,0,0,31.64,162,6,4,-4.59
1,1,144,102,0,42.2,10,0,1,36.11,93,7,4,6.09
0,1,210,101,158,98.3,5,0,0,113.02,143,8,4,-14.72
2,1,255,41,0,123.69,5,0,0,105.77,65,9,4,17.92
2,1,201,66,188,165.58,5,0,0,145.35,80,10,4,20.23
3,1,119,60,0,72.8,10,0,0,64.38,76,11,4,8.42
4,1,137,137,142,29.52,25,0,1,33.43,150,12,4,-3.91
3,1,187,79,0,69.54,5,0,0,66.79,84,13,4,2.75
4,1,112,105,113,12.83,20,0,1,14.62,94,14,4,-1.79
3,1,438,60,0,34.31,5,0,0,40.83,77,15,4,-6.52
4,1,200,70,0,20.88,5,0,0,20.64,70,16,4,0.24
3,1,191,145,112,68.97,5,0,0,67.47,139,17,4,1.5
2,1,79,76,63,105.95,10,0,0,105.07,72,18,4,0.88
2,1,909,126,0,158.84,0,0,0,146.62,149,19,4,12.22
3,2,471,80,0,70.39,10,0,1,81.44,87,20,4,-11.05
4,2,37,37,393,32.83,25,0,1,31.19,172,21,4,1.64
3,2,348,123,0,66.66,20,0,1,79.1,107,22,4,-12.44
3,2,286,101,482,41.8,20,0,1,40.08,151,23,4,1.72
1,2,403,147,0,90.28,20,0,1,99.45,161,24,4,-9.17
0,2,143,81,0,61.84,10,0,0,60.41,94,25,4,1.43
4,2,590,151,0,32.86,0,0,0,36.73,141,26,4,-3.87
3,2,151,151,117,21.86,25,0,1,24.15,137,27,4,-2.29
3,2,405,32,0,52.41,0,0,0,45.21,37,28,4,7.2
3,2,227,113,0,82.99,10,0,0,88.12,110,29,4,-5.13
3,2,598,45,0,89.74,0,0,0,87.76,66,30,4,1.98
1,2,287,54,0,53.12,10,0,0,61.52,52,31,4,-8.4
3,2,95,78,407,19.73,20,0,1,17.53,115,32,4,2.2
1,2,694,103,0,124.3,0,0,0,139.93,94,33,4,-15.63
0,2,830,178,0,69.92,20,0,1,66.73,158,34,4,3.19
0,2,476,48,0,82.25,5,0,0,74.11,74,35,4,8.14
4,2,665,112,0,22.33,0,0,0,22.28,99,36,4,0.05
0,2,107,97,103,25.62,10,0,0,23.47,87,37,4,2.15
0,2,886,130,0,87.7,5,0,0,100.31,112,38,4,-12.61
2,2,201,122,0,148.49,5,0,0,128.31,115,39,4,20.18
4,0,79,79,311,16.75,20,0,1,15.49,150,40,4,1.26
3,0,862,151,0,54.31,25,0,1,53.01,165,41,4,1.3
1,0,190,133,146,87.71,25,0,1,86.68,167,42,4,1.03
3,0,40,40,0,20.22,25,0,1,18.4,131,43,4,1.82
4,0,274,85,0,19.83,15,0,1,19.66,88,44,4,0.17
4,0,135,50,90,37.28,0,0,0,40.31,80,45,4,-3.03
3,0,1085,81,0,15.91,0,0,0,17.24,91,46,4,-1.33
0,0,190,143,353,118.15,20,0,1,129.54,179,47,4,-11.39
3,0,277,49,0,44.63,5,0,0,51.22,57,48,4,-6.59
3,0,290,45,0,31.09,10,0,0,37.43,62,49,4,-6.34
1,0,317,90,0,116.5,0,0,0,125.54,78,50,4,-9.04
2,0,135,44,0,88.13,5,0,0,76.93,44,51,4,11.2
3,0,472,179,0,76.86,20,0,1,66.91,175,52,4,9.95
3,0,332,123,0,116.58,0,0,0,115.41,148,53,4,1.17
3,0,326,54,0,67.87,25,0,1,61.0,61,54,4,6.87
1,0,449,169,0,122.63,5,0,0,114.13,162,55,4,8.5
2,0,1035,53,0,116.81,0,0,0,102.26,50,56,4,14.55
2,0,366,36,0,114.45,10,0,0,99.35,46,57,4,15.1
3,0,119,113,115,53.69,10,0,0,50.62,106,58,4,3.07
0,0,710,219,0,106.11,0,0,0,103.78,202,59,4,2.33
3,3,774,110,694,12.04,15,0,1,13.06,182,60,4,-1.02
3,3,627,107,0,18.33,15,0,1,17.28,101,61,4,1.05
2,3,265,86,340,139.52,15,0,1,137.57,107,62,4,1.95
3,3,540,88,0,48.59,15,0,1,41.37,101,63,4,7.22
0,3,217,165,228,76.94,25,0,1,70.95,196,64,4,5.99
3,3,359,85,0,34.83,5,0,0,30.38,84,65,4,4.45
3,3,125,106,0,28.86,5,0,0,33.88,115,66,4,-5.02
2,3,96,80,70,90.67,15,0,1,77.76,82,67,4,12.91
0,3,611,129,0,123.61,5,0,0,148.68,133,68,4,-25.07
3,3,433,71,0,25.28,0,0,0,29.26,90,69,4,-3.98
0,3,735,171,617,74.63,0,0,0,80.54,171,70,4,-5.91
1,3,83,62,83,104.96,10,0,0,96.94,84,71,4,8.02
3,3,414,90,0,18.68,15,0,1,18.21,103,72,4,0.47
2,3,227,71,0,180.69,0,0,0,159.22,81,73,4,21.47
2,3,135,60,0,72.05,25,0,1,85.18,72,74,4,-13.13
2,3,212,54,0,101.18,5,0,0,119.11,47,75,4,-17.93
0,3,224,94,0,98.56,5,0,0,92.82,99,76,4,5.74
2,3,86,86,80,155.88,10,0,0,141.5,80,77,4,14.38
0,3,167,72,0,57.42,5,0,0,49.73,82,78,4,7.69
2,3,390,154,0,166.05,0,0,0,145.13,131,79,4,20.92
3,1,35,35,380,11.6,20,0,1,14.03,160,80,4,-2.43
1,1,531,105,0,32.93,25,0,1,38.12,112,81,4,-5.19
4,1,157,120,161,34.81,10,0,1,32.26,159,82,4,2.55
3,1,170,139,122,7.98,15,0,1,7.69,146,83,4,0.29
3,1,338,203,497,18.2,25,0,1,20.26,245,84,4,-2.06
3,1,476,151,0,62.84,10,0,0,72.69,150,85,4,-9.85
3,1,184,87,0,71.13,10,0,0,81.71,86,86,4,-10.58
3,1,132,65,72,52.44,10,0,1,60.42,76,87,4,-7.98
3,1,326,106,0,98.05,10,0,0,110.06,139,88,4,-12.01
3,1,611,126,0,58.98,10,0,0,68.23,127,89,4,-9.25
1,1,148,72,0,73.54,0,0,0,77.88,69,90,4,-4.34
2,1,319,21,0,110.32,5,0,0,105.57,33,91,4,4.75
3,1,522,80,0,68.08,15,0,1,58.08,105,92,4,10.0
2,1,284,39,0,162.82,0,0,0,149.97,56,93,4,12.85
3,1,510,126,0,40.35,25,0,1,46.84,120,94,4,-6.49
4,1,227,86,0,32.34,10,0,0,32.1,87,95,4,0.24
4,1,146,103,98,36.53,10,0,0,43.84,118,96,4,-7.31
0,1,169,117,0,20.33,10,0,0,23.59,106,97,4,-3.26
2,1,152,81,0,151.61,0,0,0,162.67,99,98,4,-11.06
4,1,136,95,105,30.77,5,0,0,30.23,93,99,4,0.54
1,1,232,52,0,58.29,5,2,0,61.97,52,0,0,-3.68
0,1,174,156,166,77.32,5,2,0,86.46,169,1,0,-9.14
0,1,455,90,0,56.92,10,2,0,52.41,123,2,0,4.51
1,1,216,125,291,113.4,10,2,1,112.97,127,3,0,0.43
3,1,667,117,684,69.51,0,2,0,73.3,150,4,0,-3.79
4,1,13,13,0,39.8,0,2,0,43.41,86,5,0,-3.61
3,1,455,176,0,25.07,20,2,1,24.62,158,6,0,0.45
1,1,42,42,50,37.15,5,2,0,43.84,56,7,0,-6.69
0,1,267,86,0,73.05,25,2,1,86.36,123,8,0,-13.31
2,1,214,50,0,124.61,10,2,0,111.42,82,9,0,13.19
2,1,135,107,0,190.2,0,2,0,184.61,106,10,0,5.59
3,1,278,132,369,92.76,15,2,1,83.79,174,11,0,8.97
4,1,142,61,88,30.28,15,2,1,26.72,100,12,0,3.56
3,1,437,140,458,80.45,10,2,0,70.51,148,13,0,9.94
4,1,120,68,79,15.82,0,2,0,18.67,90,14,0,-2.85
3,1,378,184,567,47.23,5,2,0,43.09,164,15,0,4.14
4,1,130,86,117,22.44,10,2,0,19.37,107,16,0,3.07
3,1,158,109,120,60.23,5,2,0,65.03,111,17,0,-4.8
2,1,66,66,95,112.66,10,2,1,109.03,90,18,0,3.63
2,1,783,34,0,105.76,5,2,0,116.29,56,19,0,-10.53
3,2,391,54,0,74.65,5,0,0,66.34,74,20,0,8.31
4,2,340,53,0,27.82,5,0,0,26.63,47,21,0,1.19
3,2,225,95,0,92.71,0,0,0,92.47,124,22,0,0.24
3,2,185,98,0,37.56,20,0,1,43.25,132,23,0,-5.69
1,2,256,54,0,87.66,0,0,0,104.0,79,24,0,-16.34
0,2,62,40,50,55.13,0,0,0,54.82,35,25,0,0.31
4,2,439,131,336,23.51,25,0,1,27.6,125,26,0,-4.09
3,2,117,87,114,23.44,10,0,0,26.97,101,27,0,-3.53
3,2,373,129,317,70.05,15,0,1,66.84,175,28,0,3.21
3,2,114,59,112,79.83,10,0,0,90.45,98,29,0,-10.62
3,2,553,74,0,93.35,0,0,0,81.5,77,30,0,11.85
1,2,940,80,0,54.15,25,0,1,63.25,110,31,0,-9.1
3,2,290,158,0,22.57,15,0,1,21.78,139,32,0,0.79
1,2,591,55,0,120.26,0,0,0,114.17,70,33,0,6.09
0,2,652,133,0,69.12,10,0,0,67.89,114,34,0,1.23
0,2,428,175,0,108.75,10,0,0,100.75,184,35,0,8.0
4,2,553,55,0,17.23,10,0,0,20.75,69,36,0,-3.52
0,2,113,99,122,32.11,0,0,0,35.62,142,37,0,-3.51
0,2,756,83,0,71.23,25,0,1,81.24,121,38,0,-10.01
2,2,454,80,0,137.65,10,0,0,123.28,108,39,0,14.37
4,0,248,51,0,14.45,10,0,0,15.92,81,40,0,-1.47
3,0,711,115,0,62.22,0,0,0,54.22,113,41,0,8.0
1,0,203,91,0,89.42,0,0,0,82.82,80,42,0,6.6
3,0,256,137,0,20.87,25,0,1,20.57,142,43,0,0.3
4,0,189,75,0,22.76,0,0,0,21.05,81,44,0,1.71
4,0,175,71,0,35.56,10,0,0,35.37,82,45,0,0.19
3,0,1004,163,0,17.55,10,0,1,16.46,139,46,0,1.09
0,0,47,47,0,106.96,10,0,0,97.38,88,47,0,9.58
3,0,228,228,237,65.04,15,0,1,64.3,201,48,0,0.74
3,0,245,59,0,34.1,0,0,0,36.46,59,49,0,-2.36
1,0,227,111,252,116.81,10,0,0,134.86,110,50,0,-18.05
2,0,260,110,250,98.97,15,0,1,91.48,108,51,0,7.49
3,0,293,106,0,70.06,20,0,1,82.43,159,52,0,-12.37
3,0,640,61,0,96.26,5,0,0,95.48,102,53,0,0.78
3,0,272,86,0,110.73,5,0,0,107.16,137,54,0,3.57
1,0,280,48,0,91.82,5,0,0,85.44,70,55,0,6.38
2,0,982,90,0,135.97,5,0,0,135.02,108,56,0,0.95
2,0,330,79,0,132.56,5,0,0,158.4,85,57,0,-25.84
3,0,121,121,204,63.16,20,0,1,56.6,207,58,0,6.56
0,0,1470,72,0,73.49,10,0,0,63.75,108,59,0,9.74
3,3,664,144,0,12.75,0,1,0,12.27,126,60,0,0.48
3,3,520,123,0,21.16,0,1,0,22.74,111,61,0,-1.58
2,3,179,62,0,132.41,5,1,0,117.12,60,62,0,15.29
3,3,452,123,622,56.18,20,1,1,61.27,191,63,0,-5.09
0,3,280,101,0,88.64,0,1,0,99.4,160,64,0,-10.76
3,3,274,79,0,31.14,5,1,0,35.57,67,65,0,-4.43
3,3,19,19,0,33.27,20,1,1,31.94,212,66,0,1.33
2,3,86,52,64,91.36,5,1,0,106.59,68,67,0,-15.23
0,3,482,143,386,110.45,20,1,1,94.36,136,68,0,16.09
3,3,362,99,0,26.43,0,1,0,30.3,104,69,0,-3.87
0,3,564,127,0,65.77,0,1,0,72.98,126,70,0,-7.21
1,3,104,84,82,97.53,20,1,1,84.65,97,71,0,12.88
3,3,324,117,480,21.47,20,1,1,21.17,171,72,0,0.3
2,3,156,61,163,178.7,0,1,0,210.27,93,73,0,-31.57
2,3,356,48,0,82.62,5,1,0,90.79,46,74,0,-8.17
2,3,158,57,142,113.15,0,1,0,104.16,50,75,0,8.99
0,3,130,67,58,78.91,10,1,0,95.26,65,76,0,-16.35
2,3,80,65,77,152.27,10,1,0,131.12,73,77,0,21.15
0,3,95,59,55,49.62,10,1,1,45.52,57,78,0,4.1
2,3,236,46,0,109.29,5,1,0,116.51,40,79,0,-7.22
3,1,284,131,0,14.19,0,2,0,12.42,135,80,0,1.77
1,1,426,52,0,35.72,10,2,0,33.89,68,81,0,1.83
4,1,198,134,141,32.25,5,2,0,36.56,132,82,0,-4.31
3,1,153,153,177,8.39,25,2,1,7.27,213,83,0,1.12
3,1,135,135,0,19.17,5,2,0,23.07,169,84,0,-3.9
3,1,325,138,0,70.23,5,2,0,69.34,152,85,0,0.89
3,1,337,168,256,74.78,25,2,1,64.49,144,86,0,10.29
3,1,139,134,147,70.13,5,2,0,82.72,151,87,0,-12.59
3,1,220,134,0,90.07,20,2,1,97.22,151,88,0,-7.15
3,1,485,162,387,70.34,5,2,0,63.08,152,89,0,7.26
1,1,76,76,734,90.64,10,2,0,103.77,171,90,0,-13.13
2,1,790,48,0,90.87,20,2,1,103.14,40,91,0,-12.27
3,1,442,152,528,86.61,10,2,1,78.18,167,92,0,8.43
2,1,245,33,0,161.08,0,2,0,156.47,53,93,0,4.61
3,1,384,111,348,58.11,10,2,0,52.3,166,94,0,5.81
4,1,599,134,0,36.68,10,2,0,31.88,127,95,0,4.8
4,1,141,61,70,34.88,5,2,0,31.56,73,96,0,3.32
0,1,52,52,170,24.41,10,2,0,20.79,150,97,0,3.62
2,1,223,97,284,154.13,15,2,1,168.77,158,98,0,-14.64
4,1,146,119,131,31.53,10,2,0,28.3,118,99,0,3.23
1,1,180,126,287,81.93,10,2,1,95.61,175,0,2,-13.68
0,1,184,174,219,79.21,10,2,0,91.18,200,1,2,-11.97
0,1,365,190,0,70.3,15,2,1,64.69,224,2,2,5.61
1,1,91,89,0,97.1,25,2,1,85.07,136,3,2,12.03
3,1,550,141,0,59.12,10,2,0,64.47,131,4,2,-5.35
4,1,384,62,0,36.11,10,2,0,40.2,88,5,2,-4.09
3,1,279,74,0,23.52,10,2,0,23.09,98,6,2,0.43
1,1,50,50,68,39.95,5,2,0,44.18,76,7,2,-4.23
0,1,181,151,166,115.64,0,2,0,99.68,165,8,2,15.96
2,1,664,59,0,135.69,0,2,0,123.48,76,9,2,12.21
2,1,216,121,197,178.08,0,2,0,198.55,102,10,2,-20.47
3,1,146,47,0,76.81,5,2,0,69.34,76,11,2,7.47
4,1,169,106,168,40.78,0,2,0,46.4,163,12,2,-5.62
3,1,297,87,0,75.37,0,2,0,90.7,108,13,2,-15.33
4,1,131,112,154,17.88,0,2,0,19.59,129,14,2,-1.71
3,1,194,64,0,29.37,20,2,1,34.98,82,15,2,-5.61
4,1,161,79,0,22.53,10,2,1,22.21,108,16,2,0.32
3,1,169,120,121,65.44,0,2,0,74.25,121,17,2,-8.81
2,1,95,80,81,112.02,5,2,0,118.3,87,18,2,-6.28
2,1,749,97,0,118.21,25,2,1,117.25,146,19,2,0.96
3,2,337,190,625,83.39,20,2,1,99.51,185,20,2,-16.12
4,2,680,107,0,36.18,10,2,0,34.04,141,21,2,2.14
3,2,542,151,465,94.44,10,2,1,82.31,168,22,2,12.13
3,2,87,87,0,44.85,15,2,1,44.25,155,23,2,0.6
1,2,643,108,0,85.3,10,2,0,102.78,102,24,2,-17.48
0,2,72,72,185,73.04,10,2,0,82.01,166,25,2,-8.97
4,2,308,60,0,23.06,10,2,0,24.67,65,26,2,-1.61
3,2,144,130,181,28.91,10,2,0,31.54,172,27,2,-2.63
3,2,244,113,0,68.27,10,2,0,76.11,164,28,2,-7.84
3,2,167,167,133,95.58,10,2,0,91.85,139,29,2,3.73
3,2,479,76,0,89.44,0,2,0,94.9,79,30,2,-5.46
1,2,860,40,0,59.43,0,2,0,71.27,54,31,2,-11.84
3,2,132,76,0,21.95,5,2,0,21.88,95,32,2,0.07
1,2,1455,60,0,109.95,10,2,0,117.67,89,33,2,-7.72
0,2,519,95,650,78.15,0,2,0,88.9,137,34,2,-10.75
0,2,253,134,239,89.22,10,2,1,89.1,114,35,2,0.12
4,2,498,63,0,15.31,25,2,1,16.88,87,36,2,-1.57
0,2,136,85,108,29.8,5,2,0,27.14,117,37,2,2.66
0,2,673,93,0,78.37,10,2,0,76.11,79,38,2,2.26
2,2,374,54,0,109.39,20,2,1,122.9,90,39,2,-13.51
4,0,508,127,0,14.53,25,1,1,13.42,123,40,2,1.11
3,0,596,115,0,62.15,5,1,0,68.76,147,41,2,-6.61
1,0,112,112,199,97.34,20,1,1,89.39,182,42,2,7.95
3,0,647,68,0,21.57,15,1,1,20.69,111,43,2,0.88
4,0,881,113,0,24.45,10,1,0,21.52,136,44,2,2.93
4,0,104,49,69,32.76,10,1,0,37.9,73,45,2,-5.14
3,0,841,92,0,19.42,0,1,0,16.53,138,46,2,2.89
0,0,353,61,0,111.08,0,1,0,110.85,69,47,2,0.23
3,0,237,72,0,52.07,10,1,0,60.73,118,48,2,-8.66
3,0,186,78,122,40.55,5,1,0,43.16,125,49,2,-2.61
1,0,116,46,0,110.39,5,1,0,106.06,63,50,2,4.33
2,0,150,56,0,87.51,10,1,0,105.8,70,51,2,-18.29
3,0,187,72,0,75.31,5,1,0,67.3,108,52,2,8.01
3,0,579,75,0,78.35,10,1,0,89.63,72,53,2,-11.28
3,0,972,50,0,79.18,5,1,0,83.75,53,54,2,-4.57
1,0,232,223,582,118.07,25,1,1,105.18,243,55,2,12.89
2,0,892,49,0,93.1,20,1,1,105.39,63,56,2,-12.29
2,0,783,71,0,130.11,10,1,0,143.4,95,57,2,-13.29
3,0,204,115,0,55.12,5,1,0,60.37,114,58,2,-5.25
0,0,1398,110,0,67.52,15,1,1,61.25,100,59,2,6.27
3,3,520,97,0,9.43,25,1,1,9.14,121,60,2,0.29
3,3,397,90,0,20.3,5,1,0,17.8,98,61,2,2.5
2,3,117,22,0,93.99,20,1,1,100.74,30,62,2,-6.75
3,3,329,123,0,50.02,10,1,1,58.83,108,63,2,-8.81
0,3,179,114,160,75.88,10,1,0,81.08,142,64,2,-5.2
3,3,195,68,234,39.44,0,1,0,34.14,105,65,2,5.3
3,3,362,55,0,23.14,10,1,0,24.99,66,66,2,-1.85
2,3,98,87,81,99.64,5,1,0,99.6,77,67,2,0.04
0,3,339,40,0,93.54,10,1,0,106.56,65,68,2,-13.02
3,3,263,113,0,27.63,5,1,0,24.71,118,69,2,2.92
0,3,437,119,0,60.63,10,1,0,53.1,117,70,2,7.53
1,3,102,66,120,117.9,5,1,0,115.19,102,71,2,2.71
3,3,207,51,0,20.71,0,1,0,18.85,85,72,2,1.86
2,3,95,41,0,145.83,0,1,0,161.43,38,73,2,-15.6
2,3,308,68,0,89.45,10,1,0,89.4,67,74,2,0.05
2,3,101,93,280,103.64,15,1,1,121.9,84,75,2,-18.26
0,3,121,121,148,87.71,20,1,1,97.19,133,76,2,-9.48
2,3,92,68,71,143.98,10,1,0,155.57,72,77,2,-11.59
0,3,91,91,116,62.55,10,1,0,68.42,143,78,2,-5.87
2,3,190,80,154,120.89,10,1,1,134.96,81,79,2,-14.07
3,1,533,205,0,13.98,10,2,1,16.92,187,80,2,-2.94
1,1,374,77,269,43.11,5,2,0,40.01,107,81,2,3.1
4,1,205,98,0,28.15,15,2,1,24.36,107,82,2,3.79
3,1,177,177,161,8.24,20,2,1,8.01,180,83,2,0.23
3,1,497,78,0,15.65,0,2,0,13.34,71,84,2,2.31
3,1,1261,130,0,64.24,10,2,0,61.91,140,85,2,2.33
3,1,169,112,0,96.36,5,2,0,83.87,150,86,2,12.49
3,1,152,14,0,44.32,5,2,0,48.61,20,87,2,-4.29
3,1,575,58,0,83.85,10,2,0,92.1,89,88,2,-8.25
3,1,323,86,0,56.48,10,2,0,62.83,113,89,2,-6.35
1,1,313,71,0,70.7,5,2,0,79.05,73,90,2,-8.35
2,1,742,51,0,132.88,5,2,0,123.03,82,91,2,9.85
3,1,290,66,0,76.15,0,2,0,84.07,105,92,2,-7.92
2,1,212,162,465,228.03,0,2,0,194.94,161,93,2,33.09
3,1,273,79,0,52.59,5,2,0,47.62,113,94,2,4.97
4,1,465,209,473,34.02,25,2,1,38.38,183,95,2,-4.36
4,1,150,118,155,42.22,10,2,1,38.85,150,96,2,3.37
0,1,170,170,241,27.29,10,2,0,29.86,213,97,2,-2.57
2,1,126,118,0,150.22,10,2,0,174.29,129,98,2,-24.07
4,1,158,136,127,29.87,15,2,1,26.95,119,99,2,2.92
1,1,54,54,298,71.17,10,0,0,81.1,126,0,3,-9.93
0,1,229,117,0,75.2,10,0,0,64.47,160,1,3,10.73
0,1,175,81,0,48.23,5,0,0,53.08,72,2,3,-4.85
1,1,293,113,233,98.37,20,0,1,112.17,136,3,3,-13.8
3,1,409,165,0,58.46,25,0,1,70.47,193,4,3,-12.01
4,1,322,121,390,44.29,5,0,0,40.27,118,5,3,4.02
3,1,205,60,0,21.81,10,0,0,23.76,91,6,3,-1.95
1,1,68,68,137,45.72,5,0,0,52.85,117,7,3,-7.13
0,1,196,138,113,75.96,25,0,1,69.42,119,8,3,6.54
2,1,605,35,0,94.62,25,0,1,93.47,56,9,3,1.15
2,1,95,30,0,150.39,0,0,0,138.03,41,10,3,12.36
3,1,468,109,0,76.94,5,0,0,82.04,91,11,3,-5.1
4,1,231,97,0,28.63,10,0,0,33.3,82,12,3,-4.67
3,1,210,91,0,64.56,10,0,0,72.74,93,13,3,-8.18
4,1,173,112,121,14.89,20,0,1,14.43,125,14,3,0.46
3,1,130,72,0,36.49,5,0,0,42.48,95,15,3,-5.99
4,1,82,75,90,19.69,15,0,1,17.75,85,16,3,1.94
3,1,170,114,164,66.05,5,0,0,76.64,142,17,3,-10.59
2,1,96,96,88,103.79,15,0,1,122.18,97,18,3,-18.39
2,1,652,90,0,116.95,10,0,0,101.1,85,19,3,15.85
3,2,147,109,0,84.08,10,1,0,97.0,144,20,3,-12.92
4,2,573,118,0,33.24,10,1,0,32.82,113,21,3,0.42
3,2,391,120,0,92.71,0,1,0,100.75,142,22,3,-8.04
3,2,482,107,0,33.85,20,1,1,38.13,99,23,3,-4.28
1,2,535,138,553,79.02,25,1,1,76.09,119,24,3,2.93
0,2,185,96,0,63.89,0,1,0,70.79,87,25,3,-6.9
4,2,248,93,0,26.41,10,1,0,25.15,88,26,3,1.26
3,2,195,66,0,24.28,10,1,0,23.59,96,27,3,0.69
3,2,448,93,0,62.4,10,1,1,66.54,132,28,3,-4.14
3,2,133,133,117,88.88,10,1,1,80.66,115,29,3,8.22
3,2,403,104,493,102.69,5,1,0,113.68,139,30,3,-10.99
1,2,820,57,0,60.92,10,1,0,55.19,75,31,3,5.73
3,2,463,135,0,23.46,5,1,0,25.32,132,32,3,-1.86
1,2,1395,11,0,91.99,5,1,0,83.94,16,33,3,8.05
0,2,424,104,0,62.19,25,1,1,58.53,140,34,3,3.66
0,2,119,108,0,103.17,0,1,0,119.77,145,35,3,-16.6
4,2,435,85,0,17.89,15,1,1,19.48,96,36,3,-1.59
0,2,159,128,133,29.83,0,1,0,35.77,117,37,3,-5.94
0,2,580,91,521,96.65,10,1,1,87.85,145,38,3,8.8
2,2,320,45,0,113.37,10,1,0,113.23,53,39,3,0.14
4,0,381,25,0,12.99,5,1,0,14.1,39,40,3,-1.11
3,0,481,84,0,50.21,10,1,0,48.45,80,41,3,1.76
1,0,199,110,125,105.64,5,1,0,91.89,149,42,3,13.75
3,0,579,60,0,18.34,15,1,1,16.2,64,43,3,2.14
4,0,768,148,0,21.37,25,1,1,21.16,153,44,3,0.21
4,0,124,69,100,38.15,5,1,0,33.69,87,45,3,4.46
3,0,749,160,0,19.2,0,1,0,18.56,134,46,3,0.64
0,0,292,73,0,101.37,10,1,0,112.43,88,47,3,-11.06
3,0,165,86,0,38.98,25,1,1,44.11,85,48,3,-5.13
3,0,230,95,0,31.91,20,1,1,29.6,88,49,3,2.31
1,0,322,85,265,139.22,0,1,0,146.81,133,50,3,-7.59
2,0,344,63,0,92.31,5,1,0,98.51,70,51,3,-6.2
3,0,910,121,0,68.24,10,1,0,82.11,110,52,3,-13.87
3,0,504,59,0,89.78,10,1,0,81.66,97,53,3,8.12
3,0,922,127,0,95.41,10,1,1,114.39,123,54,3,-18.98
1,0,9,9,0,89.37,0,1,0,99.81,63,55,3,-10.44
2,0,843,64,0,100.73,15,1,1,96.94,54,56,3,3.79
2,0,712,44,0,122.67,0,1,0,144.62,50,57,3,-21.95
3,0,89,89,199,63.12,10,1,1,69.74,180,58,3,-6.62
0,0,1288,70,0,70.42,0,1,0,69.64,65,59,3,0.78
3,3,423,126,0,11.92,5,2,0,11.86,120,60,3,0.06
3,3,307,138,268,24.83,0,2,0,29.9,166,61,3,-5.07
2,3,435,83,0,132.01,10,2,0,120.03,74,62,3,11.98
3,3,206,58,0,40.77,20,2,1,45.22,82,63,3,-4.45
0,3,225,90,0,67.35,15,2,1,58.96,105,64,3,8.39
3,3,127,94,0,39.15,5,2,0,37.79,119,65,3,1.36
3,3,999,113,0,33.61,0,2,0,30.68,132,66,3,2.93
2,3,92,81,78,93.5,10,2,0,107.45,89,67,3,-13.95
0,3,299,98,0,125.81,10,2,1,136.1,159,68,3,-10.29
3,3,668,127,0,26.29,10,2,1,23.45,119,69,3,2.84
0,3,318,40,0,50.72,10,2,0,49.96,64,70,3,0.76
1,3,156,80,0,104.55,0,2,0,120.49,67,71,3,-15.94
3,3,156,84,0,19.75,10,2,0,21.7,118,72,3,-1.95
2,3,217,77,218,171.72,10,2,0,185.88,113,73,3,-14.16
2,3,240,121,319,90.58,20,2,1,86.31,105,74,3,4.27
2,3,8,8,0,111.8,10,2,0,102.19,74,75,3,9.61
0,3,148,148,243,111.58,20,2,1,110.87,203,76,3,0.71
2,3,95,55,54,157.64,5,2,0,139.34,68,77,3,18.3
0,3,116,106,98,50.21,20,2,1,53.95,109,78,3,-3.74
2,3,110,92,0,132.93,5,2,0,120.27,78,79,3,12.66
3,1,328,114,0,13.49,0,0,0,12.66,118,80,3,0.83
1,1,297,73,0,38.27,5,0,0,34.33,72,81,3,3.94
4,1,107,84,112,30.99,5,0,0,28.09,102,82,3,2.9
3,1,161,133,161,7.62,15,0,1,8.09,148,83,3,-0.47
3,1,419,77,0,13.47,10,0,1,15.22,73,84,3,-1.75
3,1,1131,190,0,78.27,5,0,0,73.23,193,85,3,5.04
3,1,313,47,0,67.34,0,0,0,79.56,43,86,3,-12.22
3,1,138,95,156,69.95,5,0,0,83.66,150,87,3,-13.71
3,1,517,46,0,78.27,10,0,1,74.87,56,88,3,3.4
3,1,237,151,0,51.76,25,0,1,62.44,145,89,3,-10.68
1,1,242,47,0,76.29,0,0,0,75.04,65,90,3,1.25
2,1,691,51,0,126.94,0,0,0,117.05,56,91,3,9.89
3,1,224,96,0,82.73,0,0,0,87.91,132,92,3,-5.18
2,1,50,50,0,177.32,0,0,0,193.53,94,93,3,-16.21
3,1,542,234,0,62.45,15,0,1,62.14,217,94,3,0.31
4,1,256,30,0,29.88,0,0,0,27.3,38,95,3,2.58
4,1,187,137,165,45.48,10,0,1,51.66,198,96,3,-6.18
0,1,241,108,0,22.26,10,0,0,19.6,119,97,3,2.66
2,1,292,106,0,140.01,10,0,1,139.16,91,98,3,0.85
4,1,149,110,129,32.43,5,0,0,38.06,126,99,3,-5.63
1,1,287,73,0,61.85,20,2,1,61.83,102,0,1,0.02
0,1,112,112,276,87.82,15,2,1,86.74,246,1,1,1.08
0,1,989,236,0,67.36,10,2,0,72.73,203,2,1,-5.37
1,1,180,31,0,85.21,10,2,1,82.21,45,3,1,3.0
3,1,244,94,0,65.31,10,2,0,55.81,147,4,1,9.5
4,1,201,97,0,43.59,0,2,0,51.22,113,5,1,-7.63
3,1,875,111,0,22.95,10,2,1,26.83,106,6,1,-3.88
1,1,137,88,107,46.96,0,2,0,49.54,109,7,1,-2.58
0,1,171,114,128,85.2,15,2,1,76.87,115,8,1,8.33
2,1,570,65,0,103.06,20,2,1,124.17,76,9,1,-21.11
2,1,262,115,432,183.16,20,2,1,207.86,189,10,1,-24.7
3,1,359,66,0,78.83,10,2,0,67.04,100,11,1,11.79
4,1,134,92,135,36.2,5,2,0,33.04,122,12,1,3.16
3,1,577,187,820,95.67,10,2,1,112.68,237,13,1,-17.01
4,1,182,182,191,18.47,10,2,0,20.15,178,14,1,-1.68
3,1,625,67,0,35.07,5,2,0,38.63,83,15,1,-3.56
4,1,97,54,87,22.17,0,2,0,24.15,87,16,1,-1.98
3,1,220,91,0,61.35,0,2,0,66.04,101,17,1,-4.69
2,1,88,88,104,102.58,20,2,1,101.36,97,18,1,1.22
2,1,562,68,0,118.32,0,2,0,128.37,73,19,1,-10.05
3,2,38,38,0,78.85,20,1,1,89.96,163,20,1,-11.11
4,2,455,121,0,37.72,15,1,1,32.72,177,21,1,5.0
3,2,271,81,0,68.34,10,1,0,82.37,79,22,1,-14.03
3,2,375,178,443,40.55,20,1,1,44.41,159,23,1,-3.86
1,2,397,95,0,84.43,5,1,0,99.88,83,24,1,-15.45
0,2,89,89,157,83.19,0,1,0,80.89,157,25,1,2.3
4,2,491,173,451,27.99,25,1,1,25.4,168,26,1,2.59
3,2,129,93,100,23.98,5,1,0,28.12,91,27,1,-4.14
3,2,355,101,0,61.78,15,1,1,58.85,130,28,1,2.93
3,2,117,117,160,90.74,10,1,1,99.72,139,29,1,-8.98
3,2,299,163,0,103.26,20,1,1,97.61,185,30,1,5.65
1,2,763,45,0,54.93,5,1,0,60.89,47,31,1,-5.96
3,2,328,83,403,23.4,5,1,0,25.29,131,32,1,-1.89
1,2,1384,43,0,95.31,10,1,1,103.84,50,33,1,-8.53
0,2,320,83,0,70.6,0,1,0,83.41,104,34,1,-12.81
0,2,250,96,0,83.3,5,1,0,97.43,92,35,1,-14.13
4,2,350,110,311,22.06,0,1,0,21.71,95,36,1,0.35
0,2,164,61,0,26.56,10,1,0,24.75,98,37,1,1.81
0,2,489,183,0,96.69,20,1,1,83.35,189,38,1,13.34
2,2,275,38,0,112.02,0,1,0,118.28,37,39,1,-6.26
4,0,356,137,334,18.42,15,0,1,16.39,162,40,1,2.03
3,0,397,169,499,52.54,25,0,1,63.3,172,41,1,-10.76
1,0,214,108,0,106.89,0,0,0,96.6,135,42,1,10.29
3,0,519,208,665,33.19,10,0,1,32.41,254,43,1,0.78
4,0,620,88,0,21.65,10,0,0,19.57,97,44,1,2.08
4,0,155,56,103,36.2,10,0,0,32.06,87,45,1,4.14
3,0,589,143,761,17.93,20,0,1,16.74,191,46,1,1.19
0,0,219,72,162,103.49,5,0,0,122.94,78,47,1,-19.45
3,0,79,79,210,66.57,15,0,1,70.21,232,48,1,-3.64
3,0,135,135,135,43.38,10,0,1,41.38,149,49,1,2.0
1,0,237,118,0,109.1,25,0,1,118.43,148,50,1,-9.33
2,0,281,26,0,81.82,0,0,0,94.02,27,51,1,-12.2
3,0,789,82,0,81.12,0,0,0,77.24,116,52,1,3.88
3,0,445,113,405,100.27,10,0,1,85.53,132,53,1,14.74
3,0,795,110,0,109.38,10,0,0,118.12,170,54,1,-8.74
1,0,582,66,0,92.79,5,0,0,101.1,88,55,1,-8.31
2,0,779,83,0,123.14,0,0,0,131.55,78,56,1,-8.41
2,0,668,89,0,121.41,10,0,0,140.44,75,57,1,-19.03
3,0,199,157,189,61.0,15,0,1,70.5,189,58,1,-9.5
0,0,1218,131,0,79.32,10,0,0,72.31,133,59,1,7.01
3,3,991,155,0,12.23,10,1,1,14.41,166,60,1,-2.18
3,3,169,169,0,25.31,10,1,1,24.03,194,61,1,1.28
2,3,352,33,0,120.51,0,1,0,142.14,36,62,1,-21.63
3,3,770,161,0,52.49,15,1,1,56.78,143,63,1,-4.29
0,3,135,86,77,73.75,0,1,0,69.64,83,64,1,4.11
3,3,267,114,0,34.46,10,1,0,30.98,96,65,1,3.48
3,3,886,47,0,19.27,25,1,1,16.47,52,66,1,2.8
2,3,89,39,50,90.66,0,1,0,97.95,52,67,1,-7.29
0,3,587,142,0,102.91,25,1,1,116.82,152,68,1,-13.91
3,3,541,121,0,20.84,25,1,1,18.09,103,69,1,2.75
0,3,895,124,0,65.29,20,1,1,57.45,185,70,1,7.84
1,3,76,35,51,98.24,0,1,0,112.62,51,71,1,-14.38
3,3,552,79,0,20.97,5,1,0,24.91,120,72,1,-3.94
2,3,140,46,0,126.98,25,1,1,121.53,63,73,1,5.45
2,3,119,45,0,89.68,0,1,0,102.15,53,74,1,-12.47
2,3,142,48,0,118.12,0,1,0,129.43,75,75,1,-11.31
0,3,243,170,0,109.72,10,1,0,97.74,152,76,1,11.98
2,3,94,43,58,140.69,10,1,0,159.93,65,77,1,-19.24
0,3,108,96,135,60.59,10,1,1,69.15,132,78,1,-8.56
2,3,172,39,0,105.73,10,1,0,113.59,45,79,1,-7.86
3,1,214,143,237,11.09,20,2,1,11.7,144,80,1,-0.61
1,1,224,92,0,33.99,20,2,1,29.29,87,81,1,4.7
4,1,135,108,107,33.71,0,2,0,29.61,113,82,1,4.1
3,1,189,31,0,5.96,10,2,1,5.41,42,83,1,0.55
3,1,342,66,0,16.61,0,2,0,18.89,103,84,1,-2.28
3,1,941,142,0,71.83,0,2,0,83.82,160,85,1,-11.99
3,1,266,198,452,101.87,15,2,1,98.86,215,86,1,3.01
3,1,199,95,0,53.64,10,2,0,61.54,83,87,1,-7.9
3,1,471,81,0,69.8,25,2,1,82.45,89,88,1,-12.65
3,1,473,171,565,67.17,10,2,1,78.28,173,89,1,-11.11
1,1,195,102,0,64.22,25,2,1,69.59,114,90,1,-5.37
2,1,640,41,0,105.39,10,2,0,115.02,48,91,1,-9.63
3,1,656,67,0,72.5,0,2,0,80.39,90,92,1,-7.89
2,1,0,0,0,164.59,10,2,1,179.65,104,93,1,-15.06
3,1,308,185,330,60.01,0,2,0,64.45,158,94,1,-4.44
4,1,226,82,0,39.48,0,2,0,47.68,133,95,1,-8.2
4,1,215,90,0,39.36,5,2,0,42.77,125,96,1,-3.41
0,1,133,122,144,24.54,5,2,0,23.28,133,97,1,1.26
2,1,186,168,330,132.35,25,2,1,152.96,149,98,1,-20.61
4,1,168,106,165,37.35,0,2,0,34.25,139,99,1,3.1
1,1,512,101,0,69.63,10,0,0,61.25,102,0,5,8.38
0,1,276,260,193,80.79,15,0,1,85.07,232,1,5,-4.28
0,1,753,146,0,54.89,10,0,0,65.21,128,2,5,-10.32
1,1,382,93,0,94.09,10,0,0,111.67,85,3,5,-17.58
3,1,834,148,0,70.05,10,0,1,66.71,173,4,5,3.34
4,1,104,99,0,35.88,10,0,1,38.41,86,5,5,-2.53
3,1,764,91,0,25.36,0,0,0,29.54,104,6,5,-4.18
1,1,156,137,127,40.74,20,0,1,40.16,118,7,5,0.58
0,1,185,173,201,120.89,10,0,1,128.1,247,8,5,-7.21
2,1,505,138,444,133.09,10,0,0,154.36,117,9,5,-21.27
2,1,147,84,0,161.26,20,0,1,157.25,125,10,5,4.01
3,1,293,51,0,69.36,5,0,0,80.65,62,11,5,-11.29
4,1,177,61,0,32.16,0,0,0,29.88,71,12,5,2.28
3,1,390,85,0,64.24,15,0,1,70.38,109,13,5,-6.14
4,1,191,78,0,13.88,25,0,1,13.32,123,14,5,0.56
3,1,558,103,0,41.83,5,0,0,39.61,122,15,5,2.22
4,1,130,130,160,26.83,5,0,0,23.77,149,16,5,3.06
3,1,129,129,128,62.83,10,0,0,74.57,143,17,5,-11.74
2,1,104,54,50,98.97,10,0,1,88.85,54,18,5,10.12
2,1,494,56,0,111.25,10,0,0,102.91,70,19,5,8.34
3,2,625,82,0,69.62,5,1,0,76.96,69,20,5,-7.34
4,2,334,45,0,27.53,10,1,1,31.8,72,21,5,-4.27
