Category,Region,Inventory Level,Price,Discount,Weather Condition,Promotion,Demand,Product_UID,Weekday,Clusterlabel
1,1,195,72.72,5,1,0,115,S001_P0001,2,0
0,1,117,80.16,15,1,1,229,S001_P0002,2,0
0,1,247,62.94,10,1,1,157,S001_P0003,2,0
1,1,139,87.63,10,1,0,52,S001_P0004,2,0
3,1,152,54.41,0,1,0,59,S001_P0005,2,1
4,1,209,35.53,0,1,0,55,S001_P0006,2,1
3,1,118,23.27,5,1,0,94,S001_P0007,2,1
1,1,244,37.79,5,1,0,61,S001_P0008,2,0
0,1,115,94.2,5,1,0,129,S001_P0009,2,0
2,1,192,113.35,10,1,0,69,S001_P0010,2,0
2,1,215,156.34,0,1,0,64,S001_P0011,2,0
3,1,289,84.48,0,1,0,104,S001_P0012,2,1
4,1,279,33.1,5,1,0,110,S001_P0013,2,1
3,1,252,80.13,10,1,1,165,S001_P0014,2,1
4,1,119,14.39,5,1,0,64,S001_P0015,2,1
3,1,103,38.79,10,1,0,115,S001_P0016,2,1
4,1,128,21.21,0,1,0,75,S001_P0017,2,1
3,1,281,54.4,5,1,0,66,S001_P0018,2,1
2,1,281,95.56,10,1,0,58,S001_P0019,2,0
2,1,266,100.47,5,1,0,43,S001_P0020,2,0
3,2,102,90.89,0,0,0,118,S002_P0001,2,1
4,2,193,25.68,25,0,1,105,S002_P0002,2,1
3,2,187,95.17,10,0,1,171,S002_P0003,2,1
3,2,160,39.54,10,0,0,110,S002_P0004,2,1
1,2,155,92.35,0,0,0,94,S002_P0005,2,0
0,2,198,64.0,5,0,0,88,S002_P0006,2,0
4,2,233,25.47,10,0,0,93,S002_P0007,2,1
3,2,124,25.63,5,0,0,112,S002_P0008,2,1
3,2,131,64.84,10,0,0,145,S002_P0009,2,1
3,2,242,117.17,5,0,0,195,S002_P0010,2,1
3,2,206,84.71,10,0,0,79,S002_P0011,2,1
1,2,197,78.86,0,0,0,122,S002_P0012,2,0
3,2,152,21.76,10,0,0,109,S002_P0013,2,1
1,2,153,100.18,10,0,1,63,S002_P0014,2,0
0,2,106,65.19,10,0,0,96,S002_P0015,2,0
0,2,113,111.87,5,0,0,194,S002_P0016,2,0
4,2,153,18.89,5,0,0,65,S002_P0017,2,1
0,2,126,27.67,0,0,0,79,S002_P0018,2,0
0,2,164,83.09,10,0,0,96,S002_P0019,2,0
2,2,126,125.8,0,0,0,53,S002_P0020,2,0
4,0,182,16.85,10,2,0,112,S003_P0001,2,1
3,0,290,50.42,10,2,1,82,S003_P0002,2,1
1,0,122,83.17,20,2,1,126,S003_P0003,2,0
3,0,203,26.29,5,2,0,158,S003_P0004,2,1
4,0,253,19.8,5,2,0,57,S003_P0005,2,1
4,0,227,44.64,0,2,0,136,S003_P0006,2,1
3,0,247,18.65,0,2,0,142,S003_P0007,2,1
0,0,297,113.01,0,2,0,89,S003_P0008,2,0
3,0,226,56.32,5,2,0,126,S003_P0009,2,1
3,0,167,36.21,10,2,0,106,S003_P0010,2,1
1,0,159,131.16,10,2,0,149,S003_P0011,2,0
2,0,126,105.94,0,2,0,80,S003_P0012,2,0
3,0,105,86.78,10,2,0,176,S003_P0013,2,1
3,0,271,61.69,25,2,1,44,S003_P0014,2,1
3,0,166,98.46,10,2,0,133,S003_P0015,2,1
1,0,292,94.11,10,2,0,108,S003_P0016,2,0
2,0,204,112.23,10,2,0,82,S003_P0017,2,0
2,0,289,134.95,5,2,0,75,S003_P0018,2,0
3,0,201,59.71,0,2,0,123,S003_P0019,2,1
0,0,250,65.81,5,2,0,61,S003_P0020,2,0
3,3,215,10.47,0,1,0,81,S004_P0001,2,1
3,3,283,19.12,10,1,1,112,S004_P0002,2,1
2,3,161,134.16,20,1,1,114,S004_P0003,2,0
3,3,168,51.64,0,1,0,86,S004_P0004,2,1
0,3,289,89.23,10,1,0,183,S004_P0005,2,0
3,3,206,35.33,0,1,0,73,S004_P0006,2,1
3,3,185,24.34,5,1,0,65,S004_P0007,2,1
2,3,281,100.64,0,1,0,80,S004_P0008,2,0
0,3,206,110.47,5,1,0,98,S004_P0009,2,0
3,3,223,30.02,0,1,0,128,S004_P0010,2,1
0,3,195,52.89,0,1,0,61,S004_P0011,2,0
1,3,111,118.15,0,1,0,103,S004_P0012,2,0
3,3,136,20.24,10,1,0,110,S004_P0013,2,1
2,3,110,148.46,10,1,1,70,S004_P0014,2,0
2,3,249,86.47,5,1,0,44,S004_P0015,2,0
2,3,155,110.39,10,1,0,71,S004_P0016,2,0
0,3,232,84.83,10,1,0,85,S004_P0017,2,0
2,3,165,141.31,10,1,0,67,S004_P0018,2,0
0,3,146,56.86,10,1,0,111,S004_P0019,2,0
2,3,290,124.97,10,1,0,76,S004_P0020,2,0
3,1,182,11.46,5,1,0,84,S005_P0001,2,1
1,1,131,48.68,10,1,1,186,S005_P0002,2,0
4,1,247,29.57,20,1,1,143,S005_P0003,2,1
3,1,195,7.45,10,1,0,121,S005_P0004,2,1
3,1,187,20.02,0,1,0,148,S005_P0005,2,1
3,1,280,53.49,5,1,0,67,S005_P0006,2,1
3,1,297,82.73,0,1,0,85,S005_P0007,2,1
3,1,229,73.42,0,1,0,149,S005_P0008,2,1
3,1,270,94.75,0,1,0,94,S005_P0009,2,1
3,1,132,70.86,0,1,0,136,S005_P0010,2,1
1,1,220,62.12,0,1,0,15,S005_P0011,2,0
2,1,230,133.86,5,1,0,84,S005_P0012,2,0
3,1,145,71.03,10,1,0,116,S005_P0013,2,1
2,1,193,161.18,10,1,1,82,S005_P0014,2,0
3,1,132,44.36,10,1,0,93,S005_P0015,2,1
4,1,131,32.84,0,1,0,76,S005_P0016,2,1
4,1,159,33.04,10,1,0,88,S005_P0017,2,1
0,1,245,22.41,0,1,0,88,S005_P0018,2,0
2,1,202,119.15,10,1,0,47,S005_P0019,2,0
4,1,131,28.66,10,1,0,104,S005_P0020,2,1
1,1,93,65.63,5,1,0,84,S001_P0001,3,0
0,1,249,74.44,10,1,0,175,S001_P0002,3,0
0,1,133,66.15,0,1,0,156,S001_P0003,3,0
1,1,94,91.64,10,1,0,78,S001_P0004,3,0
3,1,87,63.35,0,1,0,103,S001_P0005,3,1
4,1,149,36.93,5,1,0,65,S001_P0006,3,1
3,1,37,27.22,0,1,0,127,S001_P0007,3,1
1,1,202,37.38,5,1,0,58,S001_P0008,3,0
0,1,166,93.21,10,1,0,126,S001_P0009,3,0
2,1,122,129.03,10,1,1,107,S001_P0010,3,0
2,1,164,175.19,10,1,1,130,S001_P0011,3,0
3,1,168,96.27,10,1,1,187,S001_P0012,3,1
4,1,166,32.72,10,1,0,107,S001_P0013,3,1
3,1,131,70.94,0,1,0,75,S001_P0014,3,1
4,1,138,15.17,10,1,1,110,S001_P0015,3,1
3,1,25,35.58,0,1,0,59,S001_P0016,3,1
4,1,69,17.76,10,1,0,42,S001_P0017,3,1
3,1,203,66.33,10,1,0,144,S001_P0018,3,1
2,1,220,93.29,10,1,0,52,S001_P0019,3,0
2,1,230,119.87,10,1,0,92,S001_P0020,3,0
3,2,0,86.71,10,0,0,137,S002_P0001,3,1
4,2,74,31.7,0,0,0,82,S002_P0002,3,1
3,2,20,66.64,10,0,0,58,S002_P0003,3,1
3,2,49,36.7,5,0,0,59,S002_P0004,3,1
1,2,52,98.83,5,0,0,115,S002_P0005,3,0
0,2,119,66.76,10,0,0,117,S002_P0006,3,0
4,2,144,30.0,0,0,0,95,S002_P0007,3,1
3,2,99,29.35,0,0,0,140,S002_P0008,3,1
3,2,0,74.78,0,0,0,158,S002_P0009,3,1
3,2,318,101.56,25,0,1,234,S002_P0010,3,1
3,2,157,91.4,15,0,1,137,S002_P0011,3,1
1,2,119,65.63,15,0,1,115,S002_P0012,3,0
3,2,59,20.47,0,0,0,75,S002_P0013,3,1
1,2,84,134.04,10,0,0,135,S002_P0014,3,0
0,2,36,65.22,20,0,1,152,S002_P0015,3,0
0,2,0,107.38,0,0,0,159,S002_P0016,3,0
4,2,81,18.69,10,0,0,92,S002_P0017,3,1
0,2,143,26.16,5,0,0,92,S002_P0018,3,0
0,2,82,93.88,0,0,0,101,S002_P0019,3,0
2,2,83,134.4,0,0,0,70,S002_P0020,3,0
4,0,73,15.76,5,0,0,91,S003_P0001,3,1
3,0,234,63.12,10,0,0,154,S003_P0002,3,1
1,0,127,109.88,0,0,0,145,S003_P0003,3,0
3,0,81,19.9,0,0,0,56,S003_P0004,3,1
4,0,213,20.05,10,0,0,75,S003_P0005,3,1
4,0,121,40.69,0,0,0,91,S003_P0006,3,1
3,0,124,16.3,10,0,0,132,S003_P0007,3,1
0,0,236,132.2,5,0,0,156,S003_P0008,3,0
3,0,130,52.56,10,0,0,105,S003_P0009,3,1
3,0,224,32.73,20,0,1,96,S003_P0010,3,1
1,0,2,113.61,25,0,1,163,S003_P0011,3,0
2,0,68,90.21,15,0,1,95,S003_P0012,3,0
3,0,0,69.14,0,0,0,83,S003_P0013,3,1
3,0,244,84.21,0,0,0,50,S003_P0014,3,1
3,0,35,100.93,20,0,1,185,S003_P0015,3,1
1,0,212,126.78,0,0,0,156,S003_P0016,3,0
2,0,151,107.38,5,0,0,42,S003_P0017,3,0
2,0,233,127.98,10,0,0,90,S003_P0018,3,0
3,0,92,56.72,5,0,0,107,S003_P0019,3,1
0,0,209,73.57,5,0,0,92,S003_P0020,3,0
3,3,130,12.67,10,2,0,160,S004_P0001,3,1
3,3,216,23.71,0,2,0,131,S004_P0002,3,1
2,3,69,142.86,5,2,0,81,S004_P0003,3,0
3,3,80,38.88,5,2,0,26,S004_P0004,3,1
0,3,92,83.84,10,2,0,178,S004_P0005,3,0
3,3,158,40.95,5,2,0,134,S004_P0006,3,1
3,3,142,36.85,0,2,0,164,S004_P0007,3,1
2,3,222,84.29,5,2,0,46,S004_P0008,3,0
0,3,100,120.17,10,2,0,142,S004_P0009,3,0
3,3,103,23.81,20,2,1,142,S004_P0010,3,1
0,3,135,64.39,25,2,1,205,S004_P0011,3,0
1,3,113,94.35,15,2,1,84,S004_P0012,3,0
3,3,32,24.95,0,2,0,144,S004_P0013,3,1
2,3,58,175.28,0,2,0,87,S004_P0014,3,0
2,3,207,74.92,20,2,1,65,S004_P0015,3,0
2,3,81,122.71,0,2,0,86,S004_P0016,3,0
0,3,167,117.24,0,2,0,138,S004_P0017,3,0
2,3,101,169.09,5,2,0,87,S004_P0018,3,0
0,3,124,66.93,5,2,0,148,S004_P0019,3,0
2,3,238,114.9,5,2,0,53,S004_P0020,3,0
3,1,107,11.7,0,1,0,75,S005_P0001,3,1
1,1,0,40.81,10,1,0,106,S005_P0002,3,0
4,1,102,29.13,10,1,0,100,S005_P0003,3,1
3,1,166,7.79,10,1,0,119,S005_P0004,3,1
3,1,61,15.31,10,1,0,95,S005_P0005,3,1
3,1,221,56.83,10,1,0,116,S005_P0006,3,1
3,1,223,56.72,0,1,0,4,S005_P0007,3,1
3,1,64,58.77,10,1,0,94,S005_P0008,3,1
3,1,211,103.03,0,1,0,104,S005_P0009,3,1
3,1,0,72.29,10,1,1,182,S005_P0010,3,1
1,1,203,57.17,20,1,1,62,S005_P0011,3,0
2,1,159,131.02,10,1,1,110,S005_P0012,3,0
3,1,63,75.5,5,1,0,118,S005_P0013,3,1
2,1,130,160.24,5,1,0,65,S005_P0014,3,0
3,1,24,45.46,15,1,1,118,S005_P0015,3,1
4,1,72,35.13,0,1,0,81,S005_P0016,3,1
4,1,143,31.63,5,1,0,60,S005_P0017,3,1
0,1,177,28.59,10,1,0,211,S005_P0018,3,0
2,1,160,119.41,10,1,0,61,S005_P0019,3,0
4,1,157,26.62,10,1,0,68,S005_P0020,3,1
1,1,274,68.55,15,1,1,132,S001_P0001,1,0
0,1,133,78.32,0,1,0,137,S001_P0002,1,0
0,1,3,51.3,10,1,1,106,S001_P0003,1,0
1,1,114,91.74,5,1,0,63,S001_P0004,1,0
3,1,0,58.17,25,1,1,172,S001_P0005,1,1
4,1,72,36.37,15,1,1,92,S001_P0006,1,1
3,1,0,23.81,5,1,0,101,S001_P0007,1,1
1,1,165,42.35,0,1,0,64,S001_P0008,1,0
0,1,140,98.1,0,1,0,109,S001_P0009,1,0
2,1,17,138.64,0,1,0,82,S001_P0010,1,0
2,1,154,152.23,10,1,0,86,S001_P0011,1,0
3,1,215,88.83,20,1,1,201,S001_P0012,1,1
4,1,183,29.75,0,1,0,64,S001_P0013,1,1
3,1,50,81.49,5,1,0,134,S001_P0014,1,1
4,1,130,16.43,0,1,0,86,S001_P0015,1,1
3,1,0,45.61,15,1,1,193,S001_P0016,1,1
4,1,86,22.74,0,1,0,80,S001_P0017,1,1
3,1,186,72.12,0,1,0,137,S001_P0018,1,1
2,1,185,104.22,10,1,0,68,S001_P0019,1,0
2,1,137,94.75,25,1,1,77,S001_P0020,1,0
3,2,0,84.32,20,0,1,189,S002_P0001,1,1
4,2,205,33.62,5,0,0,100,S002_P0002,1,1
3,2,0,69.5,10,0,1,84,S002_P0003,1,1
3,2,9,37.8,0,0,0,53,S002_P0004,1,1
1,2,0,103.86,10,0,1,150,S002_P0005,1,0
0,2,140,67.06,25,0,1,184,S002_P0006,1,0
4,2,49,27.9,0,0,0,89,S002_P0007,1,1
3,2,153,30.53,0,0,0,154,S002_P0008,1,1
3,2,260,68.23,10,0,0,145,S002_P0009,1,1
3,2,139,86.08,10,0,0,105,S002_P0010,1,1
3,2,22,109.82,0,0,0,144,S002_P0011,1,1
1,2,44,70.05,20,0,1,158,S002_P0012,1,0
3,2,14,18.11,10,0,0,70,S002_P0013,1,1
1,2,0,125.35,10,0,0,113,S002_P0014,1,0
0,2,0,74.64,10,0,0,158,S002_P0015,1,0
0,2,323,69.5,25,0,1,109,S002_P0016,1,0
4,2,18,20.44,0,0,0,87,S002_P0017,1,1
0,2,156,29.14,10,0,0,127,S002_P0018,1,0
0,2,16,96.98,5,0,0,145,S002_P0019,1,0
2,2,6,82.98,25,0,1,22,S002_P0020,1,0
4,0,193,18.83,10,0,1,168,S003_P0001,1,1
3,0,59,60.46,0,0,0,104,S003_P0002,1,1
1,0,162,102.13,10,0,1,175,S003_P0003,1,0
3,0,42,20.88,10,0,0,99,S003_P0004,1,1
4,0,154,17.78,15,0,1,72,S003_P0005,1,1
4,0,147,28.63,15,0,1,40,S003_P0006,1,1
3,0,0,16.06,5,0,0,109,S003_P0007,1,1
0,0,115,123.69,10,0,0,134,S003_P0008,1,0
3,0,138,56.93,10,0,0,131,S003_P0009,1,1
3,0,132,52.41,5,0,0,200,S003_P0010,1,1
1,0,293,105.49,5,0,0,65,S003_P0011,1,0
2,0,137,93.48,25,0,1,148,S003_P0012,1,0
3,0,0,94.01,0,0,0,166,S003_P0013,1,1
3,0,192,89.29,5,0,0,95,S003_P0014,1,1
3,0,0,81.54,0,0,0,47,S003_P0015,1,1
1,0,86,87.62,25,0,1,127,S003_P0016,1,0
2,0,114,114.31,0,0,0,58,S003_P0017,1,0
2,0,168,125.69,5,0,0,70,S003_P0018,1,0
3,0,95,65.05,0,0,0,134,S003_P0019,1,1
0,0,149,77.03,20,0,1,184,S003_P0020,1,0
3,3,0,12.83,15,2,1,207,S004_P0001,1,1
3,3,95,18.58,10,2,0,88,S004_P0002,1,1
2,3,0,126.27,20,2,1,111,S004_P0003,1,0
3,3,60,55.0,0,2,0,90,S004_P0004,1,1
0,3,152,71.68,15,2,1,125,S004_P0005,1,0
3,3,171,29.24,25,2,1,118,S004_P0006,1,1
3,3,0,29.23,0,2,0,88,S004_P0007,1,1
2,3,194,98.36,10,2,0,89,S004_P0008,1,0
0,3,0,128.21,0,2,0,129,S004_P0009,1,0
3,3,0,25.38,10,2,0,124,S004_P0010,1,1
0,3,5,69.83,10,2,0,166,S004_P0011,1,0
1,3,94,114.62,25,2,1,173,S004_P0012,1,0
3,3,0,22.69,0,2,0,113,S004_P0013,1,1
2,3,122,151.73,10,2,0,62,S004_P0014,1,0
2,3,135,85.0,10,2,0,67,S004_P0015,1,0
2,3,14,116.65,10,2,1,102,S004_P0016,1,0
0,3,217,105.0,5,2,0,136,S004_P0017,1,0
2,3,111,185.13,10,2,0,133,S004_P0018,1,0
0,3,162,55.99,0,2,0,75,S004_P0019,1,0
2,3,182,111.07,25,2,1,95,S004_P0020,1,0
3,1,224,10.87,15,1,1,117,S005_P0001,1,1
1,1,0,38.42,10,1,0,104,S005_P0002,1,0
4,1,124,29.53,10,1,1,120,S005_P0003,1,1
3,1,198,6.37,10,1,0,60,S005_P0004,1,1
3,1,344,15.19,20,1,1,130,S005_P0005,1,1
3,1,99,57.2,20,1,1,159,S005_P0006,1,1
3,1,220,77.66,5,1,0,81,S005_P0007,1,1
3,1,103,54.45,5,1,0,58,S005_P0008,1,1
3,1,131,98.97,0,1,0,108,S005_P0009,1,1
3,1,0,67.22,10,1,0,174,S005_P0010,1,1
1,1,152,75.78,10,1,0,93,S005_P0011,1,0
2,1,42,143.23,10,1,1,122,S005_P0012,1,0
3,1,0,74.98,0,1,0,100,S005_P0013,1,1
2,1,83,178.05,0,1,0,95,S005_P0014,1,0
3,1,203,50.38,5,1,0,116,S005_P0015,1,1
4,1,0,41.54,10,1,1,171,S005_P0016,1,1
4,1,82,40.18,0,1,0,115,S005_P0017,1,1
0,1,239,18.73,10,1,0,67,S005_P0018,1,0
2,1,123,129.42,5,1,0,68,S005_P0019,1,0
4,1,101,25.7,10,1,1,72,S005_P0020,1,1
1,1,132,61.66,10,1,0,67,S001_P0001,5,0
0,1,159,69.87,0,1,0,116,S001_P0002,5,0
0,1,0,46.51,20,1,1,96,S001_P0003,5,0
1,1,242,88.09,5,1,0,52,S001_P0004,5,0
3,1,0,52.34,20,1,1,129,S001_P0005,5,1
4,1,0,37.81,10,1,0,86,S001_P0006,5,1
3,1,0,25.59,20,1,1,185,S001_P0007,5,1
1,1,109,43.67,10,1,0,119,S001_P0008,5,0
0,1,161,81.46,15,1,1,101,S001_P0009,5,0
2,1,0,133.12,0,1,0,71,S001_P0010,5,0
2,1,356,151.43,10,1,0,70,S001_P0011,5,0
3,1,447,75.21,10,1,1,101,S001_P0012,5,1
4,1,136,28.99,25,1,1,126,S001_P0013,5,1
3,1,479,76.99,10,1,1,133,S001_P0014,5,1
4,1,118,15.01,0,1,0,75,S001_P0015,5,1
3,1,372,40.46,0,1,0,111,S001_P0016,5,1
4,1,121,18.23,10,1,1,62,S001_P0017,5,1
3,1,167,57.88,10,1,1,100,S001_P0018,5,1
2,1,137,109.44,5,1,0,80,S001_P0019,5,0
2,1,52,127.11,10,1,0,110,S001_P0020,5,0
3,2,331,103.11,0,0,0,180,S002_P0001,5,1
4,2,141,29.92,10,0,0,96,S002_P0002,5,1
3,2,596,68.92,25,0,1,139,S002_P0003,5,1
3,2,339,37.63,10,0,0,80,S002_P0004,5,1
1,2,0,74.22,15,0,1,64,S002_P0005,5,0
0,2,172,71.52,0,0,0,106,S002_P0006,5,0
4,2,226,28.57,10,0,1,112,S002_P0007,5,1
3,2,182,26.73,0,0,0,109,S002_P0008,5,1
3,2,389,63.42,20,0,1,161,S002_P0009,5,1
3,2,130,81.42,10,0,0,88,S002_P0010,5,1
3,2,191,94.34,10,0,0,128,S002_P0011,5,1
1,2,0,74.94,10,0,1,140,S002_P0012,5,0
3,2,331,16.91,20,0,1,69,S002_P0013,5,1
1,2,0,124.24,15,0,1,146,S002_P0014,5,0
0,2,0,65.07,5,0,0,95,S002_P0015,5,0
0,2,470,93.55,5,0,0,129,S002_P0016,5,0
4,2,196,17.01,25,0,1,119,S002_P0017,5,1
0,2,181,34.99,10,0,1,214,S002_P0018,5,0
0,2,0,95.83,10,0,0,160,S002_P0019,5,0
2,2,132,143.16,5,0,0,104,S002_P0020,5,0
4,0,76,15.15,10,2,0,95,S003_P0001,5,1
3,0,236,65.96,0,2,0,132,S003_P0002,5,1
1,0,197,110.35,10,2,1,185,S003_P0003,5,0
3,0,518,19.87,5,2,0,55,S003_P0004,5,1
4,0,106,21.41,20,2,1,149,S003_P0005,5,1
4,0,120,40.83,0,2,0,107,S003_P0006,5,1
3,0,0,16.12,20,2,1,170,S003_P0007,5,1
0,0,307,131.49,10,2,0,156,S003_P0008,5,0
3,0,168,43.15,25,2,1,116,S003_P0009,5,1
3,0,178,42.18,5,2,0,138,S003_P0010,5,1
1,0,617,142.09,0,2,0,140,S003_P0011,5,0
2,0,224,87.64,20,2,1,90,S003_P0012,5,0
3,0,0,66.9,25,2,1,166,S003_P0013,5,1
3,0,128,101.6,25,2,1,227,S003_P0014,5,1
3,0,0,132.02,5,2,0,203,S003_P0015,5,1
1,0,289,105.97,5,2,0,112,S003_P0016,5,0
2,0,63,138.36,10,2,1,148,S003_P0017,5,0
2,0,125,123.23,20,2,1,115,S003_P0018,5,0
3,0,139,55.43,0,2,0,99,S003_P0019,5,1
0,0,0,80.2,0,2,0,103,S003_P0020,5,0
3,3,0,10.55,0,0,0,83,S004_P0001,5,1
3,3,245,24.76,0,0,0,164,S004_P0002,5,1
2,3,407,165.54,10,0,1,144,S004_P0003,5,0
3,3,258,46.09,10,0,0,84,S004_P0004,5,1
0,3,150,81.79,10,0,1,150,S004_P0005,5,0
3,3,347,35.73,5,0,0,107,S004_P0006,5,1
3,3,0,25.97,20,0,1,120,S004_P0007,5,1
2,3,108,93.91,5,0,0,75,S004_P0008,5,0
0,3,299,143.79,15,0,1,235,S004_P0009,5,0
3,3,0,23.58,0,0,0,57,S004_P0010,5,1
0,3,0,55.29,10,0,0,104,S004_P0011,5,0
1,3,163,97.47,25,0,1,117,S004_P0012,5,0
3,3,385,21.87,20,0,1,198,S004_P0013,5,1
2,3,246,110.34,25,0,1,28,S004_P0014,5,0
2,3,68,103.84,0,0,0,94,S004_P0015,5,0
2,3,218,114.25,5,0,0,80,S004_P0016,5,0
0,3,263,67.23,20,0,1,54,S004_P0017,5,0
2,3,133,155.02,20,0,1,113,S004_P0018,5,0
0,3,80,53.04,10,0,0,75,S004_P0019,5,0
2,3,111,158.31,5,0,0,150,S004_P0020,5,0
3,1,126,12.03,0,1,0,83,S005_P0001,5,1
1,1,474,39.78,0,1,0,83,S005_P0002,5,0
4,1,166,22.64,15,1,1,59,S005_P0003,5,1
3,1,150,7.04,10,1,0,88,S005_P0004,5,1
3,1,218,18.83,10,1,1,164,S005_P0005,5,1
3,1,0,53.05,10,1,0,80,S005_P0006,5,1
3,1,163,87.87,15,1,1,157,S005_P0007,5,1
3,1,123,72.27,5,1,0,162,S005_P0008,5,1
3,1,330,83.39,25,1,1,146,S005_P0009,5,1
3,1,436,67.01,0,1,0,118,S005_P0010,5,1
1,1,79,85.83,0,1,0,99,S005_P0011,5,0
2,1,0,96.76,15,1,1,41,S005_P0012,5,0
3,1,328,77.38,15,1,1,165,S005_P0013,5,1
2,1,219,150.93,20,1,1,97,S005_P0014,5,0
3,1,315,49.18,0,1,0,92,S005_P0015,5,1
4,1,191,36.59,0,1,0,93,S005_P0016,5,1
4,1,130,29.38,25,1,1,107,S005_P0017,5,1
0,1,174,19.53,15,1,1,112,S005_P0018,5,0
2,1,158,126.83,0,1,0,37,S005_P0019,5,0
4,1,124,33.42,5,1,0,119,S005_P0020,5,1
1,1,319,59.56,25,1,1,110,S001_P0001,6,0
0,1,148,57.54,10,1,0,89,S001_P0002,6,0
0,1,612,61.64,0,1,0,131,S001_P0003,6,0
1,1,184,76.08,25,1,1,62,S001_P0004,6,0
3,1,271,57.21,15,1,1,122,S001_P0005,6,1
4,1,172,35.63,25,1,1,125,S001_P0006,6,1
3,1,335,28.84,0,1,0,147,S001_P0007,6,1
1,1,141,39.03,10,1,1,85,S001_P0008,6,0
0,1,188,92.22,10,1,1,140,S001_P0009,6,0
2,1,300,117.69,15,1,1,82,S001_P0010,6,0
2,1,302,137.69,25,1,1,95,S001_P0011,6,0
3,1,382,65.96,25,1,1,101,S001_P0012,6,1
4,1,204,30.86,0,1,0,74,S001_P0013,6,1
3,1,332,73.34,15,1,1,136,S001_P0014,6,1
4,1,111,11.68,10,1,0,37,S001_P0015,6,1
3,1,272,43.67,20,1,1,200,S001_P0016,6,1
4,1,62,17.91,10,1,0,57,S001_P0017,6,1
3,1,221,57.56,20,1,1,136,S001_P0018,6,1
2,1,88,89.13,15,1,1,55,S001_P0019,6,0
2,1,0,122.84,20,1,1,137,S001_P0020,6,0
3,2,509,80.86,20,1,1,154,S002_P0001,6,1
4,2,217,30.8,5,1,0,74,S002_P0002,6,1
3,2,430,75.8,0,1,0,79,S002_P0003,6,1
3,2,247,31.95,15,1,1,65,S002_P0004,6,1
1,2,334,95.04,15,1,1,157,S002_P0005,6,0
0,2,74,63.82,10,1,1,119,S002_P0006,6,0
4,2,130,22.96,10,1,0,64,S002_P0007,6,1
3,2,86,23.51,25,1,1,145,S002_P0008,6,1
3,2,279,86.08,10,1,1,236,S002_P0009,6,1
3,2,152,73.77,15,1,1,76,S002_P0010,6,1
3,2,559,120.94,10,1,1,201,S002_P0011,6,1
1,2,413,56.28,15,1,1,84,S002_P0012,6,0
3,2,284,19.27,10,1,0,73,S002_P0013,6,1
1,2,289,126.06,20,1,1,155,S002_P0014,6,0
0,2,457,69.42,0,1,0,84,S002_P0015,6,0
0,2,353,80.89,25,1,1,161,S002_P0016,6,0
4,2,424,18.76,10,1,0,78,S002_P0017,6,1
0,2,206,22.23,25,1,1,115,S002_P0018,6,0
0,2,391,68.86,20,1,1,90,S002_P0019,6,0
2,2,256,122.57,10,1,1,89,S002_P0020,6,0
4,0,316,18.5,20,2,1,187,S003_P0001,6,1
3,0,662,65.99,0,2,0,133,S003_P0002,6,1
1,0,234,121.31,10,2,0,224,S003_P0003,6,0
3,0,462,22.18,20,2,1,140,S003_P0004,6,1
4,0,212,19.88,20,2,1,107,S003_P0005,6,1
4,0,174,35.38,10,2,1,96,S003_P0006,6,1
3,0,552,14.15,10,2,0,87,S003_P0007,6,1
0,0,133,123.56,25,2,1,202,S003_P0008,6,0
3,0,82,64.79,15,2,1,221,S003_P0009,6,1
3,0,206,40.8,15,2,1,148,S003_P0010,6,1
1,0,503,130.31,25,2,1,217,S003_P0011,6,0
2,0,468,100.54,20,2,1,151,S003_P0012,6,0
3,0,743,68.96,5,2,0,97,S003_P0013,6,1
3,0,0,96.42,20,2,1,179,S003_P0014,6,1
3,0,500,94.15,0,2,0,86,S003_P0015,6,1
1,0,163,100.22,25,2,1,175,S003_P0016,6,0
2,0,380,128.92,0,2,0,77,S003_P0017,6,0
2,0,354,122.47,20,2,1,97,S003_P0018,6,0
3,0,106,69.98,25,2,1,307,S003_P0019,6,1
0,0,270,71.56,25,2,1,180,S003_P0020,6,0
3,3,287,9.25,20,0,1,111,S004_P0001,6,1
3,3,112,23.6,0,0,0,130,S004_P0002,6,1
2,3,234,121.52,10,0,0,52,S004_P0003,6,0
3,3,171,47.66,15,0,1,95,S004_P0004,6,1
0,3,230,80.18,10,0,1,162,S004_P0005,6,0
3,3,229,28.72,20,0,1,78,S004_P0006,6,1
3,3,253,28.22,5,0,0,93,S004_P0007,6,1
2,3,103,89.39,20,0,1,96,S004_P0008,6,0
0,3,592,96.07,20,0,1,107,S004_P0009,6,0
3,3,597,29.29,20,0,1,222,S004_P0010,6,1
0,3,293,61.57,15,0,1,159,S004_P0011,6,0
1,3,83,111.58,20,0,1,158,S004_P0012,6,0
3,3,721,20.75,5,0,0,117,S004_P0013,6,1
2,3,223,119.71,25,0,1,48,S004_P0014,6,0
2,3,200,89.97,5,0,0,54,S004_P0015,6,0
2,3,126,107.39,20,0,1,97,S004_P0016,6,0
0,3,228,131.36,0,0,0,180,S004_P0017,6,0
2,3,106,147.45,20,0,1,114,S004_P0018,6,0
0,3,89,43.1,25,0,1,83,S004_P0019,6,0
2,3,204,120.97,15,0,1,83,S004_P0020,6,0
3,1,258,13.08,10,1,1,161,S005_P0001,6,1
1,1,397,40.3,0,1,0,86,S005_P0002,6,0
4,1,123,29.04,10,1,0,99,S005_P0003,6,1
3,1,161,7.01,10,1,1,102,S005_P0004,6,1
3,1,35,10.42,25,1,1,53,S005_P0005,6,1
3,1,300,52.86,15,1,1,111,S005_P0006,6,1
3,1,159,77.36,10,1,0,112,S005_P0007,6,1
3,1,196,59.97,15,1,1,118,S005_P0008,6,1
3,1,170,73.22,25,1,1,103,S005_P0009,6,1
3,1,963,53.57,25,1,1,157,S005_P0010,6,1
1,1,0,76.89,10,1,1,114,S005_P0011,6,0
2,1,371,123.61,10,1,1,77,S005_P0012,6,0
3,1,458,66.97,0,1,0,54,S005_P0013,6,1
2,1,143,133.69,20,1,1,77,S005_P0014,6,0
3,1,249,45.39,10,1,0,100,S005_P0015,6,1
4,1,295,33.68,15,1,1,134,S005_P0016,6,1
4,1,174,37.15,0,1,0,76,S005_P0017,6,1
0,1,105,13.19,25,1,1,37,S005_P0018,6,0
2,1,121,124.92,15,1,1,75,S005_P0019,6,0
4,1,139,25.81,20,1,1,108,S005_P0020,6,1
1,1,190,84.03,0,2,0,146,S001_P0001,4,0
0,1,156,55.73,20,2,1,115,S001_P0002,4,0
0,1,456,62.85,5,2,0,138,S001_P0003,4,0
1,1,146,76.7,25,2,1,65,S001_P0004,4,0
3,1,667,55.13,10,2,0,92,S001_P0005,4,1
4,1,310,44.53,10,2,0,138,S001_P0006,4,1
3,1,735,28.44,0,2,0,125,S001_P0007,4,1
1,1,84,47.69,5,2,0,114,S001_P0008,4,0
0,1,225,100.31,10,2,1,170,S001_P0009,4,0
2,1,712,118.84,0,2,0,54,S001_P0010,4,0
2,1,240,135.85,25,2,1,91,S001_P0011,4,0
3,1,271,79.21,5,2,0,85,S001_P0012,4,1
4,1,160,33.78,15,2,1,154,S001_P0013,4,1
3,1,246,88.88,5,2,0,165,S001_P0014,4,1
4,1,71,16.63,0,2,0,106,S001_P0015,4,1
3,1,685,36.35,5,2,0,94,S001_P0016,4,1
4,1,78,24.24,10,2,0,132,S001_P0017,4,1
3,1,231,60.31,10,2,0,112,S001_P0018,4,1
2,1,72,110.01,5,2,0,82,S001_P0019,4,0
2,1,432,129.63,10,2,0,133,S001_P0020,4,0
3,2,377,89.44,0,1,0,113,S002_P0001,4,1
4,2,136,31.48,10,1,1,96,S002_P0002,4,1
3,2,337,70.03,10,1,0,86,S002_P0003,4,1
3,2,182,37.81,10,1,1,97,S002_P0004,4,1
1,2,639,75.35,10,1,0,53,S002_P0005,4,0
0,2,115,68.69,10,1,0,127,S002_P0006,4,0
4,2,361,26.4,10,1,0,88,S002_P0007,4,1
3,2,140,22.32,10,1,0,86,S002_P0008,4,1
3,2,298,54.33,25,1,1,129,S002_P0009,4,1
3,2,99,94.6,5,1,0,118,S002_P0010,4,1
3,2,353,92.11,20,1,1,143,S002_P0011,4,1
1,2,864,68.15,5,1,0,92,S002_P0012,4,0
3,2,218,24.89,10,1,1,154,S002_P0013,4,1
1,2,682,98.21,0,1,0,31,S002_P0014,4,0
0,2,985,74.99,0,1,0,107,S002_P0015,4,0
0,2,180,71.37,0,1,0,37,S002_P0016,4,0
4,2,372,17.88,5,1,0,51,S002_P0017,4,1
0,2,86,30.2,0,1,0,105,S002_P0018,4,0
0,2,734,93.63,0,1,0,116,S002_P0019,4,0
2,2,177,134.79,10,1,0,102,S002_P0020,4,0
4,0,175,18.13,0,1,0,118,S003_P0001,4,1
3,0,508,59.42,10,1,1,150,S003_P0002,4,1
1,0,288,92.85,5,1,0,123,S003_P0003,4,0
3,0,300,18.16,25,1,1,96,S003_P0004,4,1
4,0,143,20.51,5,1,0,81,S003_P0005,4,1
4,0,112,40.33,5,1,0,120,S003_P0006,4,1
3,0,485,20.64,5,1,0,179,S003_P0007,4,1
0,0,366,107.83,5,1,0,90,S003_P0008,4,0
3,0,209,51.96,20,1,1,140,S003_P0009,4,1
3,0,258,38.09,10,1,0,106,S003_P0010,4,1
1,0,260,137.01,10,1,1,146,S003_P0011,4,0
2,0,293,103.88,0,1,0,74,S003_P0012,4,0
3,0,671,85.35,10,1,1,189,S003_P0013,4,1
3,0,244,90.22,5,1,0,98,S003_P0014,4,1
3,0,1032,86.56,5,1,0,77,S003_P0015,4,1
1,0,244,97.0,10,1,0,118,S003_P0016,4,0
2,0,290,134.1,0,1,0,88,S003_P0017,4,0
2,0,268,133.88,5,1,0,73,S003_P0018,4,0
3,0,317,54.36,0,1,0,94,S003_P0019,4,1
0,0,124,81.78,0,1,0,125,S003_P0020,4,0
3,3,933,10.92,10,1,0,126,S004_P0001,4,1
3,3,382,20.33,20,1,1,174,S004_P0002,4,1
2,3,554,130.95,0,1,0,44,S004_P0003,4,0
3,3,340,39.0,25,1,1,88,S004_P0004,4,1
0,3,73,66.6,10,1,0,84,S004_P0005,4,0
3,3,174,37.63,0,1,0,107,S004_P0006,4,1
3,3,735,26.73,0,1,0,77,S004_P0007,4,1
2,3,125,98.17,5,1,0,88,S004_P0008,4,0
0,3,477,131.78,15,1,1,198,S004_P0009,4,0
3,3,379,26.05,0,1,0,99,S004_P0010,4,1
0,3,835,55.64,10,1,1,106,S004_P0011,4,0
1,3,131,106.65,5,1,0,73,S004_P0012,4,0
3,3,638,17.55,15,1,1,84,S004_P0013,4,1
2,3,177,163.95,0,1,0,55,S004_P0014,4,0
2,3,147,115.41,0,1,0,111,S004_P0015,4,0
2,3,408,107.81,10,1,0,79,S004_P0016,4,0
0,3,302,84.09,5,1,0,68,S004_P0017,4,0
2,3,119,144.32,10,1,0,58,S004_P0018,4,0
0,3,131,63.78,0,1,0,98,S004_P0019,4,0
2,3,434,115.81,0,1,0,42,S004_P0020,4,0
3,1,95,14.59,0,2,0,163,S005_P0001,4,1
1,1,311,37.21,20,2,1,114,S005_P0002,4,0
4,1,156,33.01,5,2,0,139,S005_P0003,4,1
3,1,172,8.44,10,2,1,146,S005_P0004,4,1
3,1,268,15.43,10,2,0,97,S005_P0005,4,1
3,1,719,73.71,5,2,0,190,S005_P0006,4,1
3,1,306,103.96,0,2,0,159,S005_P0007,4,1
3,1,79,69.43,5,2,0,148,S005_P0008,4,1
3,1,96,89.43,10,2,1,109,S005_P0009,4,1
3,1,819,58.62,5,2,0,108,S005_P0010,4,1
1,1,260,67.74,25,2,1,132,S005_P0011,4,0
2,1,744,128.7,0,2,0,73,S005_P0012,4,0
3,1,421,76.03,20,2,1,182,S005_P0013,4,1
2,1,402,162.12,5,2,0,83,S005_P0014,4,0
3,1,144,57.1,10,2,0,178,S005_P0015,4,1
4,1,817,31.42,5,2,0,78,S005_P0016,4,1
4,1,103,37.89,5,2,0,113,S005_P0017,4,1
0,1,71,26.78,0,2,0,145,S005_P0018,4,0
2,1,37,134.65,5,2,0,79,S005_P0019,4,0
4,1,192,33.11,5,2,0,116,S005_P0020,4,1
1,1,92,66.07,10,1,0,87,S001_P0001,0,0
0,1,173,58.58,10,1,0,94,S001_P0002,0,0
0,1,359,43.04,15,1,1,71,S001_P0003,0,0
1,1,105,99.27,0,1,0,57,S001_P0004,0,0
3,1,1357,56.02,10,1,0,97,S001_P0005,0,1
4,1,180,46.2,0,1,0,115,S001_P0006,0,1
3,1,625,25.04,10,1,1,134,S001_P0007,0,1
1,1,108,46.73,5,1,0,124,S001_P0008,0,0
0,1,224,96.57,5,1,0,120,S001_P0009,0,0
2,1,675,114.83,5,1,0,45,S001_P0010,0,0
2,1,144,163.3,5,1,0,76,S001_P0011,0,0
3,1,171,61.32,20,1,1,76,S001_P0012,0,1
4,1,199,23.68,25,1,1,66,S001_P0013,0,1
3,1,476,60.19,20,1,1,108,S001_P0014,0,1
4,1,91,16.24,5,1,0,98,S001_P0015,0,1
3,1,614,38.9,20,1,1,175,S001_P0016,0,1
4,1,138,22.03,10,1,0,102,S001_P0017,0,1
3,1,108,50.74,25,1,1,132,S001_P0018,0,1
2,1,69,104.86,0,1,0,55,S001_P0019,0,0
2,1,275,122.03,20,1,1,135,S001_P0020,0,0
3,2,249,84.54,10,0,0,146,S002_P0001,0,1
4,2,206,31.44,0,0,0,66,S002_P0002,0,1
3,2,240,59.13,25,0,1,75,S002_P0003,0,1
3,2,72,41.02,5,0,0,90,S002_P0004,0,1
1,2,584,101.71,0,0,0,108,S002_P0005,0,0
0,2,148,74.21,0,0,0,134,S002_P0006,0,0
4,2,276,32.05,20,0,1,195,S002_P0007,0,1
3,2,63,25.23,10,0,0,124,S002_P0008,0,1
3,2,706,70.5,0,0,0,120,S002_P0009,0,1
3,2,148,95.48,0,0,0,121,S002_P0010,0,1
3,2,201,109.02,5,0,0,160,S002_P0011,0,1
1,2,794,61.38,15,0,1,110,S002_P0012,0,0
3,2,110,22.95,10,0,1,126,S002_P0013,0,1
1,2,649,114.8,25,0,1,163,S002_P0014,0,0
0,2,868,73.85,5,0,0,118,S002_P0015,0,0
0,2,414,79.33,25,0,1,136,S002_P0016,0,0
4,2,339,21.92,10,0,0,126,S002_P0017,0,1
0,2,87,29.06,15,0,1,145,S002_P0018,0,0
0,2,595,107.35,5,0,0,183,S002_P0019,0,0
2,2,344,152.69,15,0,1,163,S002_P0020,0,0
4,0,507,15.15,0,2,0,65,S003_P0001,0,1
3,0,370,65.52,0,2,0,148,S003_P0002,0,1
1,0,170,102.47,20,2,1,224,S003_P0003,0,0
3,0,218,26.11,0,2,0,137,S003_P0004,0,1
4,0,89,27.96,0,2,0,146,S003_P0005,0,1
4,0,143,39.91,5,2,0,100,S003_P0006,0,1
3,0,325,19.27,20,2,1,220,S003_P0007,0,1
0,0,259,118.62,10,2,0,120,S003_P0008,0,0
3,0,79,72.47,5,2,0,200,S003_P0009,0,1
3,0,177,46.84,5,2,0,157,S003_P0010,0,1
1,0,86,113.78,5,2,0,86,S003_P0011,0,0
2,0,221,67.81,25,2,1,51,S003_P0012,0,0
3,0,1231,72.09,15,2,1,130,S003_P0013,0,1
3,0,821,101.16,25,2,1,225,S003_P0014,0,1
3,0,973,77.03,10,2,0,59,S003_P0015,0,1
1,0,561,93.94,15,2,1,126,S003_P0016,0,0
2,0,208,114.85,0,2,0,59,S003_P0017,0,0
2,0,218,112.33,15,2,1,56,S003_P0018,0,0
3,0,255,67.97,5,2,0,168,S003_P0019,0,1
0,0,769,108.81,10,2,1,259,S003_P0020,0,0
3,3,848,11.13,5,0,0,115,S004_P0001,0,1
3,3,191,18.74,5,0,0,89,S004_P0002,0,1
2,3,508,123.07,25,0,1,107,S004_P0003,0,0
3,3,270,52.71,0,0,0,77,S004_P0004,0,1
0,3,95,69.57,0,0,0,81,S004_P0005,0,0
3,3,52,39.93,0,0,0,109,S004_P0006,0,1
3,3,665,20.88,25,0,1,74,S004_P0007,0,1
2,3,121,79.73,5,0,0,33,S004_P0008,0,0
0,3,257,126.5,10,0,0,142,S004_P0009,0,0
3,3,291,27.59,5,0,0,134,S004_P0010,0,1
0,3,742,62.28,5,0,0,125,S004_P0011,0,0
1,3,70,91.49,25,0,1,113,S004_P0012,0,0
3,3,540,20.53,25,0,1,178,S004_P0013,0,1
2,3,121,199.44,10,0,1,164,S004_P0014,0,0
2,3,366,92.93,0,0,0,63,S004_P0015,0,0
2,3,331,103.51,10,0,1,67,S004_P0016,0,0
0,3,228,112.69,10,0,0,162,S004_P0017,0,0
2,3,142,143.49,20,0,1,90,S004_P0018,0,0
0,3,163,65.01,10,0,0,156,S004_P0019,0,0
2,3,397,145.76,10,0,1,140,S004_P0020,0,0
3,1,339,13.61,0,1,0,138,S005_P0001,0,1
1,1,227,30.41,10,1,0,39,S005_P0002,0,0
4,1,161,26.19,15,1,1,101,S005_P0003,0,1
3,1,130,8.0,0,1,0,94,S005_P0004,0,1
3,1,186,16.62,0,1,0,88,S005_P0005,0,1
3,1,521,61.21,0,1,0,91,S005_P0006,0,1
3,1,176,62.93,15,1,1,68,S005_P0007,0,1
3,1,135,72.5,0,1,0,145,S005_P0008,0,1
3,1,491,112.68,5,1,0,151,S005_P0009,0,1
3,1,739,62.64,5,1,0,113,S005_P0010,0,1
1,1,160,59.46,10,1,0,42,S005_P0011,0,0
2,1,692,139.61,10,1,1,130,S005_P0012,0,0
3,1,236,76.85,20,1,1,166,S005_P0013,0,1
2,1,344,134.38,25,1,1,97,S005_P0014,0,0
3,1,194,38.42,10,1,0,53,S005_P0015,0,1
4,1,766,33.14,15,1,1,112,S005_P0016,0,1
4,1,116,32.86,5,1,0,57,S005_P0017,0,1
0,1,127,18.28,20,1,1,110,S005_P0018,0,0
2,1,176,141.26,5,1,0,93,S005_P0019,0,0
4,1,87,34.15,15,1,1,165,S005_P0020,0,1
1,1,308,68.56,10,1,1,113,S001_P0001,2,0
0,1,77,76.3,15,1,1,208,S001_P0002,2,0
0,1,308,54.15,15,1,1,142,S001_P0003,2,0
1,1,155,69.37,20,1,1,36,S001_P0004,2,0
3,1,1293,53.57,5,1,0,83,S001_P0005,2,1
4,1,95,35.55,20,1,1,119,S001_P0006,2,1
3,1,538,25.99,10,1,1,147,S001_P0007,2,1
1,1,110,41.98,10,1,1,107,S001_P0008,2,0
0,1,130,88.19,5,1,0,92,S001_P0009,2,0
2,1,639,135.63,0,1,0,76,S001_P0010,2,0
2,1,282,125.42,25,1,1,83,S001_P0011,2,0
3,1,115,76.44,5,1,0,90,S001_P0012,2,1
4,1,155,26.67,10,1,0,62,S001_P0013,2,1
3,1,367,55.78,25,1,1,104,S001_P0014,2,1
4,1,95,16.38,15,1,1,137,S001_P0015,2,1
3,1,466,36.88,25,1,1,160,S001_P0016,2,1
4,1,177,21.9,0,1,0,69,S001_P0017,2,1
3,1,134,77.51,15,1,1,227,S001_P0018,2,1
2,1,69,105.33,10,1,0,70,S001_P0019,2,0
2,1,588,124.39,5,1,0,87,S001_P0020,2,0
3,2,524,82.34,10,0,1,120,S002_P0001,2,1
4,2,363,35.07,10,0,1,130,S002_P0002,2,1
3,2,168,78.72,10,0,1,122,S002_P0003,2,1
3,2,213,28.79,25,0,1,71,S002_P0004,2,1
1,2,472,72.89,5,0,0,44,S002_P0005,2,0
0,2,134,60.13,25,0,1,143,S002_P0006,2,0
4,2,76,33.12,10,0,1,163,S002_P0007,2,1
3,2,102,23.49,15,0,1,120,S002_P0008,2,1
3,2,574,63.41,10,0,0,137,S002_P0009,2,1
3,2,158,107.34,0,0,0,161,S002_P0010,2,1
3,2,584,97.54,20,0,1,183,S002_P0011,2,1
1,2,665,70.27,0,0,0,101,S002_P0012,2,0
3,2,18,25.05,0,0,0,120,S002_P0013,2,1
1,2,551,130.84,20,0,1,169,S002_P0014,2,0
0,2,733,75.7,20,0,1,188,S002_P0015,2,0
0,2,321,98.35,15,0,1,187,S002_P0016,2,0
4,2,195,19.89,5,0,0,80,S002_P0017,2,1
0,2,140,30.56,25,0,1,213,S002_P0018,2,0
0,2,454,77.42,10,0,0,75,S002_P0019,2,0
2,2,194,155.62,0,0,0,130,S002_P0020,2,0
4,0,453,13.26,25,2,1,110,S003_P0001,2,1
3,0,224,40.08,25,2,1,83,S003_P0002,2,1
1,0,200,99.43,25,2,1,217,S003_P0003,2,0
3,0,473,16.05,25,2,1,61,S003_P0004,2,1
4,0,680,18.68,5,2,0,55,S003_P0005,2,1
4,0,148,37.68,20,2,1,137,S003_P0006,2,1
3,0,791,20.56,25,2,1,279,S003_P0007,2,1
0,0,169,111.58,25,2,1,162,S003_P0008,2,0
3,0,202,45.88,10,2,0,80,S003_P0009,2,1
3,0,230,33.75,5,2,0,56,S003_P0010,2,1
1,0,320,120.03,20,2,1,141,S003_P0011,2,0
2,0,163,98.65,10,2,0,90,S003_P0012,2,0
3,0,1116,80.03,0,2,0,128,S003_P0013,2,1
3,0,555,77.3,25,2,1,123,S003_P0014,2,1
3,0,934,125.22,10,2,1,203,S003_P0015,2,1
1,0,413,90.27,20,2,1,116,S003_P0016,2,0
2,0,665,106.32,5,2,0,52,S003_P0017,2,0
2,0,660,138.05,10,2,1,97,S003_P0018,2,0
3,0,60,67.83,0,2,0,167,S003_P0019,2,1
0,0,600,120.06,0,2,0,256,S003_P0020,2,0
3,3,749,11.21,20,0,1,158,S004_P0001,2,1
3,3,441,19.45,20,0,1,140,S004_P0002,2,1
2,3,389,120.54,20,0,1,96,S004_P0003,2,0
3,3,189,45.12,25,0,1,134,S004_P0004,2,1
0,3,110,84.07,0,0,0,124,S004_P0005,2,0
3,3,232,32.07,25,0,1,149,S004_P0006,2,1
3,3,604,25.03,15,0,1,106,S004_P0007,2,1
2,3,83,95.01,15,0,1,112,S004_P0008,2,0
0,3,164,110.64,10,0,0,115,S004_P0009,2,0
3,3,133,28.48,5,0,0,145,S004_P0010,2,1
0,3,636,68.04,10,0,1,156,S004_P0011,2,0
1,3,128,102.56,10,0,0,92,S004_P0012,2,0
3,3,365,22.46,0,0,0,126,S004_P0013,2,1
2,3,10,145.46,15,0,1,80,S004_P0014,2,0
2,3,304,95.36,15,0,1,102,S004_P0015,2,0
2,3,255,107.39,15,0,1,94,S004_P0016,2,0
0,3,195,98.17,10,0,0,114,S004_P0017,2,0
2,3,124,176.09,15,0,1,135,S004_P0018,2,0
0,3,173,56.87,0,0,0,80,S004_P0019,2,0
2,3,250,168.25,0,0,0,136,S004_P0020,2,0
3,1,230,10.63,25,1,1,152,S005_P0001,2,1
1,1,193,39.94,10,1,1,116,S005_P0002,2,0
4,1,198,32.98,10,1,1,158,S005_P0003,2,1
3,1,131,7.13,20,1,1,146,S005_P0004,2,1
3,1,125,15.66,0,1,0,86,S005_P0005,2,1
3,1,425,48.22,25,1,1,106,S005_P0006,2,1
3,1,381,88.9,10,1,1,141,S005_P0007,2,1
3,1,122,65.98,25,1,1,198,S005_P0008,2,1
3,1,367,94.5,10,1,0,110,S005_P0009,2,1
3,1,635,56.18,5,1,0,95,S005_P0010,2,1
1,1,502,72.69,10,1,1,81,S005_P0011,2,0
2,1,575,113.33,10,1,0,67,S005_P0012,2,0
3,1,60,60.39,5,1,0,54,S005_P0013,2,1
2,1,262,168.39,10,1,1,111,S005_P0014,2,0
3,1,480,39.55,15,1,1,76,S005_P0015,2,1
4,1,671,34.5,10,1,1,107,S005_P0016,2,1
4,1,111,37.39,10,1,0,126,S005_P0017,2,1
0,1,164,19.9,10,1,1,84,S005_P0018,2,0
2,1,199,118.86,10,1,0,60,S005_P0019,2,0
4,1,134,30.72,10,1,0,110,S005_P0020,2,1
1,1,212,62.76,10,2,0,87,S001_P0001,3,0
0,1,208,80.13,5,2,0,183,S001_P0002,3,0
0,1,199,66.41,5,2,0,157,S001_P0003,3,0
1,1,123,112.58,5,2,0,124,S001_P0004,3,0
3,1,1198,56.42,5,2,0,99,S001_P0005,3,1
4,1,445,43.73,10,2,0,132,S001_P0006,3,1
3,1,364,21.29,10,2,0,84,S001_P0007,3,1
1,1,138,38.58,10,2,0,81,S001_P0008,3,0
0,1,152,95.45,5,2,0,133,S001_P0009,3,0
2,1,565,121.82,15,2,1,107,S001_P0010,3,0
2,1,219,173.38,10,2,0,110,S001_P0011,3,0
3,1,141,86.89,10,2,0,131,S001_P0012,3,1
4,1,100,30.92,10,2,0,105,S001_P0013,3,1
3,1,292,94.42,0,2,0,168,S001_P0014,3,1
4,1,137,16.07,5,2,0,95,S001_P0015,3,1
3,1,305,42.45,10,2,0,163,S001_P0016,3,1
4,1,98,17.97,25,2,1,95,S001_P0017,3,1
3,1,229,58.15,10,2,0,101,S001_P0018,3,1
2,1,74,110.34,0,2,0,68,S001_P0019,3,0
2,1,507,131.7,25,2,1,186,S001_P0020,3,0
3,2,441,72.8,10,0,0,97,S002_P0001,3,1
4,2,248,35.31,0,0,0,99,S002_P0002,3,1
3,2,81,83.67,5,0,0,124,S002_P0003,3,1
3,2,143,37.02,5,0,0,75,S002_P0004,3,1
1,2,432,89.65,5,0,0,86,S002_P0005,3,0
0,2,162,81.45,0,0,0,149,S002_P0006,3,0
4,2,0,29.68,10,0,0,142,S002_P0007,3,1
3,2,139,27.27,0,0,0,99,S002_P0008,3,1
3,2,441,71.1,0,0,0,140,S002_P0009,3,1
3,2,129,99.51,20,0,1,219,S002_P0010,3,1
3,2,459,95.2,5,0,0,114,S002_P0011,3,1
1,2,602,69.5,0,0,0,98,S002_P0012,3,0
3,2,544,22.14,10,0,0,114,S002_P0013,3,1
1,2,381,111.09,10,0,0,77,S002_P0014,3,0
0,2,516,68.62,0,0,0,95,S002_P0015,3,0
0,2,209,95.73,0,0,0,119,S002_P0016,3,0
4,2,111,21.43,25,0,1,183,S002_P0017,3,1
0,2,191,25.49,5,0,0,70,S002_P0018,3,0
0,2,399,88.51,0,0,0,99,S002_P0019,3,0
2,2,104,143.21,20,0,1,162,S002_P0020,3,0
4,0,337,16.03,10,2,0,113,S003_P0001,3,1
3,0,633,65.38,0,2,0,147,S003_P0002,3,1
1,0,225,113.16,0,2,0,155,S003_P0003,3,0
3,0,413,20.27,10,2,0,90,S003_P0004,3,1
4,0,634,20.94,5,2,0,72,S003_P0005,3,1
4,0,152,35.45,10,2,0,96,S003_P0006,3,1
3,0,476,18.9,10,2,0,185,S003_P0007,3,1
0,0,200,122.87,0,2,0,114,S003_P0008,3,0
3,0,136,64.71,5,2,0,157,S003_P0009,3,1
3,0,187,41.46,10,2,1,134,S003_P0010,3,1
1,0,202,102.05,10,2,0,70,S003_P0011,3,0
2,0,72,93.38,10,2,0,89,S003_P0012,3,0
3,0,1004,74.17,10,2,0,121,S003_P0013,3,1
3,0,461,96.55,5,2,0,119,S003_P0014,3,1
3,0,783,79.36,10,2,0,67,S003_P0015,3,1
1,0,330,97.45,5,2,0,102,S003_P0016,3,0
2,0,621,119.73,25,2,1,162,S003_P0017,3,0
2,0,584,122.84,0,2,0,37,S003_P0018,3,0
3,0,183,51.98,5,2,0,95,S003_P0019,3,1
0,0,390,98.38,15,2,1,263,S003_P0020,3,0
3,3,626,14.34,5,0,0,186,S004_P0001,3,1
3,3,296,22.25,0,0,0,127,S004_P0002,3,1
2,3,274,140.32,5,0,0,76,S004_P0003,3,0
3,3,405,49.28,10,0,0,88,S004_P0004,3,1
0,3,125,66.25,10,0,0,98,S004_P0005,3,0
3,3,58,41.55,0,0,0,139,S004_P0006,3,1
3,3,477,27.5,5,0,0,100,S004_P0007,3,1
2,3,122,90.81,10,0,0,81,S004_P0008,3,0
0,3,544,128.66,0,0,0,113,S004_P0009,3,0
3,3,784,21.73,25,0,1,116,S004_P0010,3,1
0,3,466,57.43,10,0,0,100,S004_P0011,3,0
1,3,175,114.07,10,0,0,125,S004_P0012,3,0
3,3,282,19.09,10,0,0,108,S004_P0013,3,1
2,3,306,160.04,5,0,0,62,S004_P0014,3,0
2,3,196,99.97,0,0,0,69,S004_P0015,3,0
2,3,174,100.04,10,0,0,45,S004_P0016,3,0
0,3,174,122.29,10,0,1,214,S004_P0017,3,0
2,3,146,158.72,10,0,0,85,S004_P0018,3,0
0,3,118,62.54,10,0,0,143,S004_P0019,3,0
2,3,132,102.05,25,0,1,85,S004_P0020,3,0
3,1,91,11.26,5,2,0,79,S005_P0001,3,1
1,1,453,38.29,10,2,0,87,S005_P0002,3,0
4,1,183,28.09,10,2,0,104,S005_P0003,3,1
3,1,131,8.3,0,2,0,105,S005_P0004,3,1
3,1,219,15.91,10,2,0,123,S005_P0005,3,1
3,1,354,66.61,0,2,0,117,S005_P0006,3,1
3,1,284,77.16,0,2,0,65,S005_P0007,3,1
3,1,201,47.04,10,2,0,47,S005_P0008,3,1
3,1,297,104.96,5,2,0,127,S005_P0009,3,1
3,1,569,73.1,10,2,1,207,S005_P0010,3,1
1,1,440,82.88,0,2,0,89,S005_P0011,3,0
2,1,522,110.49,0,2,0,34,S005_P0012,3,0
3,1,535,76.82,5,2,0,108,S005_P0013,3,1
2,1,166,181.82,0,2,0,86,S005_P0014,3,0
3,1,400,47.25,10,2,0,96,S005_P0015,3,1
4,1,592,35.87,5,2,0,102,S005_P0016,3,1
4,1,135,37.94,10,2,1,114,S005_P0017,3,1
0,1,109,21.83,10,2,0,129,S005_P0018,3,0
2,1,127,110.82,10,2,0,42,S005_P0019,3,0
4,1,104,34.99,25,2,1,248,S005_P0020,3,1
1,1,403,68.99,5,0,0,99,S001_P0001,1,0
0,1,243,74.31,10,0,1,175,S001_P0002,1,0
0,1,476,59.9,10,0,0,140,S001_P0003,1,0
1,1,41,84.98,0,0,0,31,S001_P0004,1,0
3,1,1110,61.16,10,0,0,142,S001_P0005,1,1
4,1,332,39.24,0,0,0,67,S001_P0006,1,1
3,1,299,26.19,15,0,1,152,S001_P0007,1,1
1,1,51,43.59,15,0,1,138,S001_P0008,1,0
0,1,180,107.23,5,0,0,175,S001_P0009,1,0
2,1,464,125.13,5,0,0,68,S001_P0010,1,0
2,1,89,171.1,0,0,0,90,S001_P0011,1,0
3,1,219,92.85,10,0,0,154,S001_P0012,1,1
4,1,98,33.19,5,0,0,110,S001_P0013,1,1
3,1,114,67.09,10,0,0,105,S001_P0014,1,1
4,1,176,15.42,10,0,0,115,S001_P0015,1,1
3,1,174,35.68,10,0,0,89,S001_P0016,1,1
4,1,121,20.01,15,0,1,90,S001_P0017,1,1
3,1,148,88.17,10,0,1,259,S001_P0018,1,1
2,1,97,100.04,5,0,0,56,S001_P0019,1,0
2,1,290,72.13,25,0,1,21,S001_P0020,1,0
3,2,356,92.41,5,0,0,140,S002_P0001,1,1
4,2,150,27.48,15,0,1,88,S002_P0002,1,1
3,2,250,89.45,5,0,0,130,S002_P0003,1,1
3,2,310,37.68,5,0,0,80,S002_P0004,1,1
1,2,372,106.04,0,0,0,122,S002_P0005,1,0
0,2,163,64.91,10,0,0,125,S002_P0006,1,0
4,2,492,31.33,10,0,1,143,S002_P0007,1,1
3,2,169,25.46,10,0,1,127,S002_P0008,1,1
3,2,350,60.43,0,0,0,89,S002_P0009,1,1
3,2,226,101.82,10,0,0,181,S002_P0010,1,1
3,2,368,87.8,10,0,0,90,S002_P0011,1,1
1,2,523,76.85,10,0,0,149,S002_P0012,1,0
3,2,426,22.43,10,0,0,118,S002_P0013,1,1
1,2,311,126.79,10,0,0,117,S002_P0014,1,0
0,2,407,65.99,0,0,0,84,S002_P0015,1,0
0,2,532,95.41,10,0,0,136,S002_P0016,1,0
4,2,442,18.81,20,0,1,131,S002_P0017,1,1
0,2,110,23.86,25,0,1,138,S002_P0018,1,0
0,2,314,87.49,5,0,0,111,S002_P0019,1,0
2,2,498,112.29,20,0,1,98,S002_P0020,1,0
4,0,228,16.94,5,0,0,113,S003_P0001,1,1
3,0,542,63.2,20,0,1,220,S003_P0002,1,1
1,0,283,83.72,10,0,0,91,S003_P0003,1,0
3,0,305,19.53,5,0,0,64,S003_P0004,1,1
4,0,571,18.63,10,0,0,69,S003_P0005,1,1
4,0,181,35.1,10,0,0,78,S003_P0006,1,1
3,0,353,15.05,25,0,1,149,S003_P0007,1,1
0,0,451,107.02,15,0,1,106,S003_P0008,1,0
3,0,126,54.33,10,0,0,132,S003_P0009,1,1
3,0,174,47.61,0,0,0,145,S003_P0010,1,1
1,0,379,149.55,0,0,0,140,S003_P0011,1,0
2,0,182,80.32,10,0,0,48,S003_P0012,1,0
3,0,886,81.49,5,0,0,152,S003_P0013,1,1
3,0,347,104.46,0,0,0,128,S003_P0014,1,1
3,0,727,96.09,10,0,0,125,S003_P0015,1,1
1,0,222,106.66,5,0,0,131,S003_P0016,1,0
2,0,442,113.54,20,0,1,105,S003_P0017,1,0
2,0,551,122.41,10,0,1,63,S003_P0018,1,0
3,0,111,55.22,0,0,0,98,S003_P0019,1,1
0,0,168,93.11,25,0,1,271,S003_P0020,1,0
3,3,500,12.72,0,0,0,142,S004_P0001,1,1
3,3,152,21.6,15,0,1,174,S004_P0002,1,1
2,3,211,136.67,10,0,0,84,S004_P0003,1,0
3,3,310,47.32,0,0,0,62,S004_P0004,1,1
0,3,154,73.22,0,0,0,96,S004_P0005,1,0
3,3,307,35.07,0,0,0,71,S004_P0006,1,1
3,3,358,20.07,15,0,1,44,S004_P0007,1,1
2,3,161,103.15,15,0,1,122,S004_P0008,1,0
0,3,460,135.11,0,0,0,146,S004_P0009,1,0
3,3,685,22.11,10,0,0,68,S004_P0010,1,1
0,3,378,54.14,5,0,0,82,S004_P0011,1,0
1,3,66,96.77,10,0,0,75,S004_P0012,1,0
3,3,780,22.51,10,0,0,164,S004_P0013,1,1
2,3,261,164.16,5,0,0,69,S004_P0014,1,0
2,3,133,104.1,0,0,0,95,S004_P0015,1,0
2,3,144,124.42,0,0,0,75,S004_P0016,1,0
0,3,230,83.44,20,0,1,116,S004_P0017,1,0
2,3,136,128.85,25,0,1,92,S004_P0018,1,0
0,3,160,64.64,10,0,0,136,S004_P0019,1,0
2,3,340,113.2,15,0,1,65,S004_P0020,1,0
3,1,313,12.03,5,0,0,114,S005_P0001,1,1
1,1,358,45.9,20,0,1,189,S005_P0002,1,0
4,1,212,32.4,5,0,0,133,S005_P0003,1,1
3,1,113,7.55,5,0,0,92,S005_P0004,1,1
3,1,112,13.34,10,0,0,70,S005_P0005,1,1
3,1,872,57.85,0,0,0,89,S005_P0006,1,1
3,1,217,87.12,10,0,1,152,S005_P0007,1,1
3,1,163,63.14,10,0,1,133,S005_P0008,1,1
3,1,720,119.96,5,0,0,174,S005_P0009,1,1
3,1,336,70.78,0,0,0,136,S005_P0010,1,1
1,1,352,68.44,5,0,0,50,S005_P0011,1,0
2,1,482,151.97,0,0,0,107,S005_P0012,1,0
3,1,425,79.93,5,0,0,137,S005_P0013,1,1
2,1,412,160.8,5,0,0,81,S005_P0014,1,0
3,1,307,53.55,10,0,0,137,S005_P0015,1,1
4,1,518,31.25,10,0,0,92,S005_P0016,1,1
4,1,155,42.06,10,0,1,149,S005_P0017,1,1
0,1,116,22.21,10,0,1,135,S005_P0018,1,0
2,1,97,141.81,10,0,0,95,S005_P0019,1,0
4,1,199,31.28,25,0,1,179,S005_P0020,1,1
1,1,315,73.71,0,0,0,103,S001_P0001,5,0
0,1,51,73.44,15,0,1,172,S001_P0002,5,0
0,1,367,56.98,10,0,0,123,S001_P0003,5,0
1,1,242,98.78,5,0,0,69,S001_P0004,5,0
3,1,968,53.96,15,0,1,103,S001_P0005,5,1
4,1,281,35.91,10,0,1,72,S001_P0006,5,1
3,1,133,27.21,10,0,0,164,S001_P0007,5,1
1,1,132,47.22,0,0,0,95,S001_P0008,5,0
0,1,174,105.27,5,0,0,168,S001_P0009,5,0
2,1,404,144.24,0,0,0,109,S001_P0010,5,0
2,1,179,146.6,5,0,0,61,S001_P0011,5,0
3,1,364,87.87,10,0,1,134,S001_P0012,5,1
4,1,114,31.51,10,0,0,95,S001_P0013,5,1
3,1,355,58.9,25,0,1,122,S001_P0014,5,1
4,1,211,14.0,25,0,1,126,S001_P0015,5,1
3,1,607,37.94,10,0,1,108,S001_P0016,5,1
4,1,113,21.69,10,0,0,97,S001_P0017,5,1
3,1,218,49.44,10,0,0,55,S001_P0018,5,1
2,1,96,87.02,5,0,0,22,S001_P0019,5,0
2,1,268,130.72,15,0,1,156,S001_P0020,5,0
3,2,209,82.63,10,2,0,138,S002_P0001,5,1
4,2,289,27.21,10,2,1,69,S002_P0002,5,1
3,2,562,73.23,0,2,0,69,S002_P0003,5,1
3,2,226,38.32,5,2,0,70,S002_P0004,5,1
1,2,278,83.53,20,2,1,133,S002_P0005,5,0
0,2,171,76.07,20,2,1,208,S002_P0006,5,0
4,2,772,32.95,5,2,0,142,S002_P0007,5,1
3,2,158,31.15,5,2,0,161,S002_P0008,5,1
3,2,291,82.18,5,2,0,194,S002_P0009,5,1
3,2,244,93.68,10,2,0,150,S002_P0010,5,1
3,2,829,107.39,10,2,0,155,S002_P0011,5,1
1,2,397,59.97,15,2,1,87,S002_P0012,5,0
3,2,330,22.76,5,2,0,106,S002_P0013,5,1
1,2,939,142.46,25,2,1,229,S002_P0014,5,0
0,2,342,67.32,25,2,1,168,S002_P0015,5,0
0,2,392,88.81,25,2,1,196,S002_P0016,5,0
4,2,339,22.94,5,2,0,140,S002_P0017,5,1
0,2,148,24.77,5,2,0,76,S002_P0018,5,0
0,2,973,91.42,0,2,0,93,S002_P0019,5,0
2,2,412,136.37,20,2,1,144,S002_P0020,5,0
4,0,132,18.9,0,2,0,115,S003_P0001,5,1
3,0,359,57.99,10,2,1,142,S003_P0002,5,1
1,0,217,123.23,0,2,0,208,S003_P0003,5,0
3,0,256,21.05,5,2,0,85,S003_P0004,5,1
4,0,528,21.8,25,2,1,160,S003_P0005,5,1
4,0,89,48.43,15,2,1,209,S003_P0006,5,1
3,0,245,18.48,0,2,0,122,S003_P0007,5,1
0,0,366,124.3,5,2,0,135,S003_P0008,5,0
3,0,155,67.37,10,2,0,192,S003_P0009,5,1
3,0,234,41.89,5,2,0,119,S003_P0010,5,1
1,0,285,150.34,0,2,0,142,S003_P0011,5,0
2,0,139,88.54,10,2,1,73,S003_P0012,5,0
3,0,725,66.12,10,2,0,101,S003_P0013,5,1
3,0,220,100.61,15,2,1,172,S003_P0014,5,1
3,0,589,122.99,10,2,1,196,S003_P0015,5,1
1,0,94,100.18,25,2,1,195,S003_P0016,5,0
2,0,359,117.21,10,2,0,79,S003_P0017,5,0
2,0,512,144.77,5,2,0,111,S003_P0018,5,0
3,0,119,47.35,5,2,0,69,S003_P0019,5,1
0,0,891,58.39,25,2,1,94,S003_P0020,5,0
3,3,362,14.47,0,0,0,190,S004_P0001,5,1
3,3,0,23.33,10,0,1,182,S004_P0002,5,1
2,3,149,126.58,10,0,0,76,S004_P0003,5,0
3,3,602,40.52,5,0,0,23,S004_P0004,5,1
0,3,188,63.36,25,0,1,143,S004_P0005,5,0
3,3,244,39.57,10,0,1,159,S004_P0006,5,1
3,3,305,26.81,10,0,0,93,S004_P0007,5,1
2,3,136,90.25,5,0,0,64,S004_P0008,5,0
0,3,290,135.07,0,0,0,146,S004_P0009,5,0
3,3,643,24.01,10,0,0,106,S004_P0010,5,1
0,3,322,60.76,10,0,0,118,S004_P0011,5,0
1,3,63,91.92,15,0,1,63,S004_P0012,5,0
3,3,607,17.59,10,0,0,69,S004_P0013,5,1
2,3,210,171.74,10,0,1,113,S004_P0014,5,0
2,3,318,90.06,10,0,1,83,S004_P0015,5,0
2,3,348,103.65,15,0,1,84,S004_P0016,5,0
0,3,154,87.18,10,0,0,94,S004_P0017,5,0
2,3,138,151.05,5,0,0,70,S004_P0018,5,0
0,3,214,65.03,0,0,0,120,S004_P0019,5,0
2,3,271,164.09,10,0,1,164,S004_P0020,5,0
3,1,182,9.78,10,0,0,69,S005_P0001,5,1
1,1,228,40.32,10,0,1,119,S005_P0002,5,0
4,1,193,29.19,10,0,0,101,S005_P0003,5,1
3,1,131,7.95,5,0,0,108,S005_P0004,5,1
3,1,290,14.91,25,0,1,145,S005_P0005,5,1
3,1,817,69.88,25,0,1,245,S005_P0006,5,1
3,1,106,86.83,10,0,0,151,S005_P0007,5,1
3,1,133,66.74,0,0,0,101,S005_P0008,5,1
3,1,594,94.78,10,0,0,128,S005_P0009,5,1
3,1,249,50.93,5,0,0,67,S005_P0010,5,1
1,1,307,76.82,0,0,0,82,S005_P0011,5,0
2,1,389,114.58,10,0,1,56,S005_P0012,5,0
3,1,331,79.63,5,0,0,136,S005_P0013,5,1
2,1,340,92.97,25,0,1,4,S005_P0014,5,0
3,1,170,61.83,10,0,1,189,S005_P0015,5,1
4,1,432,33.73,20,0,1,156,S005_P0016,5,1
4,1,202,36.03,0,0,0,82,S005_P0017,5,1
0,1,161,26.83,5,0,0,165,S005_P0018,5,0
2,1,83,135.48,10,0,0,82,S005_P0019,5,0
4,1,202,33.43,15,0,1,157,S005_P0020,5,1
1,1,203,65.76,10,1,0,85,S001_P0001,6,0
0,1,176,71.02,5,1,0,139,S001_P0002,6,0
0,1,278,57.89,10,1,1,128,S001_P0003,6,0
1,1,193,104.01,0,1,0,84,S001_P0004,6,0
3,1,888,61.19,10,1,0,125,S001_P0005,6,1
4,1,196,43.79,0,1,0,115,S001_P0006,6,1
3,1,650,20.0,0,1,0,39,S001_P0007,6,1
1,1,142,38.96,25,1,1,142,S001_P0008,6,0
0,1,188,89.65,15,1,1,150,S001_P0009,6,0
2,1,322,114.38,15,1,1,74,S001_P0010,6,0
2,1,298,153.97,10,1,0,90,S001_P0011,6,0
3,1,228,75.84,10,1,0,103,S001_P0012,6,1
4,1,110,31.46,15,1,1,112,S001_P0013,6,1
3,1,256,72.22,0,1,0,80,S001_P0014,6,1
4,1,111,12.13,20,1,1,78,S001_P0015,6,1
3,1,522,30.1,25,1,1,108,S001_P0016,6,1
4,1,123,25.73,10,1,1,153,S001_P0017,6,1
3,1,169,58.26,10,1,0,118,S001_P0018,6,1
2,1,78,116.22,5,1,0,83,S001_P0019,6,0
2,1,167,102.87,10,1,0,63,S001_P0020,6,0
3,2,116,75.4,0,1,0,63,S002_P0001,6,1
4,2,206,38.32,0,1,0,142,S002_P0002,6,1
3,2,504,91.23,10,1,1,155,S002_P0003,6,1
3,2,178,38.67,5,1,0,87,S002_P0004,6,1
1,2,170,84.87,10,1,0,85,S002_P0005,6,0
0,2,210,61.68,10,1,0,109,S002_P0006,6,0
4,2,661,26.79,10,1,0,93,S002_P0007,6,1
3,2,166,28.79,15,1,1,173,S002_P0008,6,1
3,2,148,65.73,10,1,1,132,S002_P0009,6,1
3,2,102,105.84,10,1,1,196,S002_P0010,6,1
3,2,736,118.32,5,1,0,191,S002_P0011,6,1
1,2,310,51.36,5,1,0,31,S002_P0012,6,0
3,2,245,21.85,15,1,1,146,S002_P0013,6,1
1,2,736,94.84,5,1,0,35,S002_P0014,6,0
0,2,962,71.36,25,1,1,191,S002_P0015,6,0
0,2,175,78.04,25,1,1,130,S002_P0016,6,0
4,2,761,20.11,10,1,1,99,S002_P0017,6,1
0,2,102,27.19,0,1,0,74,S002_P0018,6,0
0,2,898,60.55,5,1,0,14,S002_P0019,6,0
2,2,246,121.05,10,1,0,70,S002_P0020,6,0
4,0,205,19.47,0,2,0,125,S003_P0001,6,1
3,0,236,61.71,5,2,0,127,S003_P0002,6,1
1,0,267,77.37,15,2,1,85,S003_P0003,6,0
3,0,171,28.73,0,2,0,153,S003_P0004,6,1
4,0,347,22.64,5,2,0,110,S003_P0005,6,1
4,0,217,37.77,10,2,0,116,S003_P0006,6,1
3,0,1187,18.37,5,2,0,137,S003_P0007,6,1
0,0,247,102.68,10,2,1,77,S003_P0008,6,0
3,0,223,62.71,20,2,1,233,S003_P0009,6,1
3,0,100,53.19,10,2,1,252,S003_P0010,6,1
1,0,162,177.36,0,2,0,204,S003_P0011,6,0
2,0,56,89.99,10,2,0,78,S003_P0012,6,0
3,0,623,81.04,25,2,1,244,S003_P0013,6,1
3,0,76,104.85,5,2,0,129,S003_P0014,6,1
3,0,431,86.14,20,2,1,128,S003_P0015,6,1
1,0,250,120.66,15,2,1,199,S003_P0016,6,0
2,0,301,81.34,25,2,1,32,S003_P0017,6,0
2,0,426,129.9,10,2,0,95,S003_P0018,6,0
3,0,133,60.98,0,2,0,130,S003_P0019,6,1
0,0,823,79.66,5,2,0,117,S003_P0020,6,0
3,3,147,10.14,0,1,0,58,S004_P0001,6,1
3,3,309,18.98,0,1,0,64,S004_P0002,6,1
2,3,303,102.02,25,1,1,53,S004_P0003,6,0
3,3,579,41.55,10,1,0,55,S004_P0004,6,1
0,3,260,61.35,10,1,0,62,S004_P0005,6,0
3,3,112,28.22,10,1,0,42,S004_P0006,6,1
3,3,231,31.26,10,1,0,161,S004_P0007,6,1
2,3,79,73.72,20,1,1,43,S004_P0008,6,0
0,3,173,87.77,25,1,1,99,S004_P0009,6,0
3,3,543,26.1,15,1,1,153,S004_P0010,6,1
0,3,853,70.22,0,1,0,131,S004_P0011,6,0
1,3,83,101.86,5,1,0,74,S004_P0012,6,0
3,3,559,22.15,10,1,1,140,S004_P0013,6,1
2,3,108,170.1,5,1,0,78,S004_P0014,6,0
2,3,240,83.75,25,1,1,101,S004_P0015,6,0
2,3,284,109.64,10,1,1,69,S004_P0016,6,0
0,3,153,94.57,20,1,1,141,S004_P0017,6,0
2,3,81,145.49,10,1,0,61,S004_P0018,6,0
0,3,140,58.77,5,1,0,89,S004_P0019,6,0
2,3,125,137.14,10,1,0,104,S004_P0020,6,0
3,1,127,12.5,5,1,0,127,S005_P0001,6,1
1,1,134,38.33,10,1,0,88,S005_P0002,6,0
4,1,127,25.56,20,1,1,96,S005_P0003,6,1
3,1,179,7.6,5,1,0,110,S005_P0004,6,1
3,1,170,15.94,10,1,0,107,S005_P0005,6,1
3,1,627,66.81,0,1,0,135,S005_P0006,6,1
3,1,288,91.67,0,1,0,116,S005_P0007,6,1
3,1,161,54.35,20,1,1,106,S005_P0008,6,1
3,1,485,98.4,20,1,1,184,S005_P0009,6,1
3,1,717,46.75,25,1,1,111,S005_P0010,6,1
1,1,244,80.36,5,1,0,95,S005_P0011,6,0
2,1,343,113.59,5,1,0,40,S005_P0012,6,0
3,1,171,66.83,15,1,1,99,S005_P0013,6,1
2,1,336,147.2,5,1,0,56,S005_P0014,6,0
3,1,274,50.06,10,1,1,131,S005_P0015,6,1
4,1,338,32.37,10,1,1,103,S005_P0016,6,1
4,1,125,33.71,25,1,1,135,S005_P0017,6,1
0,1,149,23.43,10,1,0,136,S005_P0018,6,0
2,1,213,133.7,10,1,0,93,S005_P0019,6,0
4,1,232,31.45,10,1,0,117,S005_P0020,6,1
1,1,133,54.01,20,0,1,77,S001_P0001,4,0
0,1,192,62.77,25,0,1,161,S001_P0002,4,0
0,1,655,57.76,20,0,1,189,S001_P0003,4,0
1,1,111,93.82,15,0,1,86,S001_P0004,4,0
3,1,798,49.79,25,0,1,117,S001_P0005,4,1
4,1,75,35.52,5,0,0,68,S001_P0006,4,1
3,1,625,27.05,10,0,0,162,S001_P0007,4,1
1,1,144,42.2,10,0,1,93,S001_P0008,4,0
0,1,210,98.3,5,0,0,143,S001_P0009,4,0
2,1,255,123.69,5,0,0,65,S001_P0010,4,0
2,1,201,165.58,5,0,0,80,S001_P0011,4,0
3,1,119,72.8,10,0,0,76,S001_P0012,4,1
4,1,137,29.52,25,0,1,150,S001_P0013,4,1
3,1,187,69.54,5,0,0,84,S001_P0014,4,1
4,1,112,12.83,20,0,1,94,S001_P0015,4,1
3,1,438,34.31,5,0,0,77,S001_P0016,4,1
4,1,200,20.88,5,0,0,70,S001_P0017,4,1
3,1,191,68.97,5,0,0,139,S001_P0018,4,1
2,1,79,105.95,10,0,0,72,S001_P0019,4,0
2,1,909,158.84,0,0,0,149,S001_P0020,4,0
3,2,471,70.39,10,0,1,87,S002_P0001,4,1
4,2,37,32.83,25,0,1,172,S002_P0002,4,1
3,2,348,66.66,20,0,1,107,S002_P0003,4,1
3,2,286,41.8,20,0,1,151,S002_P0004,4,1
1,2,403,90.28,20,0,1,161,S002_P0005,4,0
0,2,143,61.84,10,0,0,94,S002_P0006,4,0
4,2,590,32.86,0,0,0,141,S002_P0007,4,1
3,2,151,21.86,25,0,1,137,S002_P0008,4,1
3,2,405,52.41,0,0,0,37,S002_P0009,4,1
3,2,227,82.99,10,0,0,110,S002_P0010,4,1
3,2,598,89.74,0,0,0,66,S002_P0011,4,1
1,2,287,53.12,10,0,0,52,S002_P0012,4,0
3,2,95,19.73,20,0,1,115,S002_P0013,4,1
1,2,694,124.3,0,0,0,94,S002_P0014,4,0
0,2,830,69.92,20,0,1,158,S002_P0015,4,0
0,2,476,82.25,5,0,0,74,S002_P0016,4,0
4,2,665,22.33,0,0,0,99,S002_P0017,4,1
0,2,107,25.62,10,0,0,87,S002_P0018,4,0
0,2,886,87.7,5,0,0,112,S002_P0019,4,0
2,2,201,148.49,5,0,0,115,S002_P0020,4,0
4,0,79,16.75,20,0,1,150,S003_P0001,4,1
3,0,862,54.31,25,0,1,165,S003_P0002,4,1
1,0,190,87.71,25,0,1,167,S003_P0003,4,0
3,0,40,20.22,25,0,1,131,S003_P0004,4,1
4,0,274,19.83,15,0,1,88,S003_P0005,4,1
4,0,135,37.28,0,0,0,80,S003_P0006,4,1
3,0,1085,15.91,0,0,0,91,S003_P0007,4,1
0,0,190,118.15,20,0,1,179,S003_P0008,4,0
3,0,277,44.63,5,0,0,57,S003_P0009,4,1
3,0,290,31.09,10,0,0,62,S003_P0010,4,1
1,0,317,116.5,0,0,0,78,S003_P0011,4,0
2,0,135,88.13,5,0,0,44,S003_P0012,4,0
3,0,472,76.86,20,0,1,175,S003_P0013,4,1
3,0,332,116.58,0,0,0,148,S003_P0014,4,1
3,0,326,67.87,25,0,1,61,S003_P0015,4,1
1,0,449,122.63,5,0,0,162,S003_P0016,4,0
2,0,1035,116.81,0,0,0,50,S003_P0017,4,0
2,0,366,114.45,10,0,0,46,S003_P0018,4,0
3,0,119,53.69,10,0,0,106,S003_P0019,4,1
0,0,710,106.11,0,0,0,202,S003_P0020,4,0
3,3,774,12.04,15,0,1,182,S004_P0001,4,1
3,3,627,18.33,15,0,1,101,S004_P0002,4,1
2,3,265,139.52,15,0,1,107,S004_P0003,4,0
3,3,540,48.59,15,0,1,101,S004_P0004,4,1
0,3,217,76.94,25,0,1,196,S004_P0005,4,0
3,3,359,34.83,5,0,0,84,S004_P0006,4,1
3,3,125,28.86,5,0,0,115,S004_P0007,4,1
2,3,96,90.67,15,0,1,82,S004_P0008,4,0
0,3,611,123.61,5,0,0,133,S004_P0009,4,0
3,3,433,25.28,0,0,0,90,S004_P0010,4,1
0,3,735,74.63,0,0,0,171,S004_P0011,4,0
1,3,83,104.96,10,0,0,84,S004_P0012,4,0
3,3,414,18.68,15,0,1,103,S004_P0013,4,1
2,3,227,180.69,0,0,0,81,S004_P0014,4,0
2,3,135,72.05,25,0,1,72,S004_P0015,4,0
2,3,212,101.18,5,0,0,47,S004_P0016,4,0
0,3,224,98.56,5,0,0,99,S004_P0017,4,0
2,3,86,155.88,10,0,0,80,S004_P0018,4,0
0,3,167,57.42,5,0,0,82,S004_P0019,4,0
2,3,390,166.05,0,0,0,131,S004_P0020,4,0
3,1,35,11.6,20,0,1,160,S005_P0001,4,1
1,1,531,32.93,25,0,1,112,S005_P0002,4,0
4,1,157,34.81,10,0,1,159,S005_P0003,4,1
3,1,170,7.98,15,0,1,146,S005_P0004,4,1
3,1,338,18.2,25,0,1,245,S005_P0005,4,1
3,1,476,62.84,10,0,0,150,S005_P0006,4,1
3,1,184,71.13,10,0,0,86,S005_P0007,4,1
3,1,132,52.44,10,0,1,76,S005_P0008,4,1
3,1,326,98.05,10,0,0,139,S005_P0009,4,1
3,1,611,58.98,10,0,0,127,S005_P0010,4,1
1,1,148,73.54,0,0,0,69,S005_P0011,4,0
2,1,319,110.32,5,0,0,33,S005_P0012,4,0
3,1,522,68.08,15,0,1,105,S005_P0013,4,1
2,1,284,162.82,0,0,0,56,S005_P0014,4,0
3,1,510,40.35,25,0,1,120,S005_P0015,4,1
4,1,227,32.34,10,0,0,87,S005_P0016,4,1
4,1,146,36.53,10,0,0,118,S005_P0017,4,1
0,1,169,20.33,10,0,0,106,S005_P0018,4,0
2,1,152,151.61,0,0,0,99,S005_P0019,4,0
4,1,136,30.77,5,0,0,93,S005_P0020,4,1
1,1,232,58.29,5,2,0,52,S001_P0001,0,0
0,1,174,77.32,5,2,0,169,S001_P0002,0,0
0,1,455,56.92,10,2,0,123,S001_P0003,0,0
1,1,216,113.4,10,2,1,127,S001_P0004,0,0
3,1,667,69.51,0,2,0,150,S001_P0005,0,1
4,1,13,39.8,0,2,0,86,S001_P0006,0,1
3,1,455,25.07,20,2,1,158,S001_P0007,0,1
1,1,42,37.15,5,2,0,56,S001_P0008,0,0
0,1,267,73.05,25,2,1,123,S001_P0009,0,0
2,1,214,124.61,10,2,0,82,S001_P0010,0,0
2,1,135,190.2,0,2,0,106,S001_P0011,0,0
3,1,278,92.76,15,2,1,174,S001_P0012,0,1
4,1,142,30.28,15,2,1,100,S001_P0013,0,1
3,1,437,80.45,10,2,0,148,S001_P0014,0,1
4,1,120,15.82,0,2,0,90,S001_P0015,0,1
3,1,378,47.23,5,2,0,164,S001_P0016,0,1
4,1,130,22.44,10,2,0,107,S001_P0017,0,1
3,1,158,60.23,5,2,0,111,S001_P0018,0,1
2,1,66,112.66,10,2,1,90,S001_P0019,0,0
2,1,783,105.76,5,2,0,56,S001_P0020,0,0
3,2,391,74.65,5,0,0,74,S002_P0001,0,1
4,2,340,27.82,5,0,0,47,S002_P0002,0,1
3,2,225,92.71,0,0,0,124,S002_P0003,0,1
3,2,185,37.56,20,0,1,132,S002_P0004,0,1
1,2,256,87.66,0,0,0,79,S002_P0005,0,0
0,2,62,55.13,0,0,0,35,S002_P0006,0,0
4,2,439,23.51,25,0,1,125,S002_P0007,0,1
3,2,117,23.44,10,0,0,101,S002_P0008,0,1
3,2,373,70.05,15,0,1,175,S002_P0009,0,1
3,2,114,79.83,10,0,0,98,S002_P0010,0,1
3,2,553,93.35,0,0,0,77,S002_P0011,0,1
1,2,940,54.15,25,0,1,110,S002_P0012,0,0
3,2,290,22.57,15,0,1,139,S002_P0013,0,1
1,2,591,120.26,0,0,0,70,S002_P0014,0,0
0,2,652,69.12,10,0,0,114,S002_P0015,0,0
0,2,428,108.75,10,0,0,184,S002_P0016,0,0
4,2,553,17.23,10,0,0,69,S002_P0017,0,1
0,2,113,32.11,0,0,0,142,S002_P0018,0,0
0,2,756,71.23,25,0,1,121,S002_P0019,0,0
2,2,454,137.65,10,0,0,108,S002_P0020,0,0
4,0,248,14.45,10,0,0,81,S003_P0001,0,1
3,0,711,62.22,0,0,0,113,S003_P0002,0,1
1,0,203,89.42,0,0,0,80,S003_P0003,0,0
3,0,256,20.87,25,0,1,142,S003_P0004,0,1
4,0,189,22.76,0,0,0,81,S003_P0005,0,1
4,0,175,35.56,10,0,0,82,S003_P0006,0,1
3,0,1004,17.55,10,0,1,139,S003_P0007,0,1
0,0,47,106.96,10,0,0,88,S003_P0008,0,0
3,0,228,65.04,15,0,1,201,S003_P0009,0,1
3,0,245,34.1,0,0,0,59,S003_P0010,0,1
1,0,227,116.81,10,0,0,110,S003_P0011,0,0
2,0,260,98.97,15,0,1,108,S003_P0012,0,0
3,0,293,70.06,20,0,1,159,S003_P0013,0,1
3,0,640,96.26,5,0,0,102,S003_P0014,0,1
3,0,272,110.73,5,0,0,137,S003_P0015,0,1
1,0,280,91.82,5,0,0,70,S003_P0016,0,0
2,0,982,135.97,5,0,0,108,S003_P0017,0,0
2,0,330,132.56,5,0,0,85,S003_P0018,0,0
3,0,121,63.16,20,0,1,207,S003_P0019,0,1
0,0,1470,73.49,10,0,0,108,S003_P0020,0,0
3,3,664,12.75,0,1,0,126,S004_P0001,0,1
3,3,520,21.16,0,1,0,111,S004_P0002,0,1
2,3,179,132.41,5,1,0,60,S004_P0003,0,0
3,3,452,56.18,20,1,1,191,S004_P0004,0,1
0,3,280,88.64,0,1,0,160,S004_P0005,0,0
3,3,274,31.14,5,1,0,67,S004_P0006,0,1
3,3,19,33.27,20,1,1,212,S004_P0007,0,1
2,3,86,91.36,5,1,0,68,S004_P0008,0,0
0,3,482,110.45,20,1,1,136,S004_P0009,0,0
3,3,362,26.43,0,1,0,104,S004_P0010,0,1
0,3,564,65.77,0,1,0,126,S004_P0011,0,0
1,3,104,97.53,20,1,1,97,S004_P0012,0,0
3,3,324,21.47,20,1,1,171,S004_P0013,0,1
2,3,156,178.7,0,1,0,93,S004_P0014,0,0
2,3,356,82.62,5,1,0,46,S004_P0015,0,0
2,3,158,113.15,0,1,0,50,S004_P0016,0,0
0,3,130,78.91,10,1,0,65,S004_P0017,0,0
2,3,80,152.27,10,1,0,73,S004_P0018,0,0
0,3,95,49.62,10,1,1,57,S004_P0019,0,0
2,3,236,109.29,5,1,0,40,S004_P0020,0,0
3,1,284,14.19,0,2,0,135,S005_P0001,0,1
1,1,426,35.72,10,2,0,68,S005_P0002,0,0
4,1,198,32.25,5,2,0,132,S005_P0003,0,1
3,1,153,8.39,25,2,1,213,S005_P0004,0,1
3,1,135,19.17,5,2,0,169,S005_P0005,0,1
3,1,325,70.23,5,2,0,152,S005_P0006,0,1
3,1,337,74.78,25,2,1,144,S005_P0007,0,1
3,1,139,70.13,5,2,0,151,S005_P0008,0,1
3,1,220,90.07,20,2,1,151,S005_P0009,0,1
3,1,485,70.34,5,2,0,152,S005_P0010,0,1
1,1,76,90.64,10,2,0,171,S005_P0011,0,0
2,1,790,90.87,20,2,1,40,S005_P0012,0,0
3,1,442,86.61,10,2,1,167,S005_P0013,0,1
2,1,245,161.08,0,2,0,53,S005_P0014,0,0
3,1,384,58.11,10,2,0,166,S005_P0015,0,1
4,1,599,36.68,10,2,0,127,S005_P0016,0,1
4,1,141,34.88,5,2,0,73,S005_P0017,0,1
0,1,52,24.41,10,2,0,150,S005_P0018,0,0
2,1,223,154.13,15,2,1,158,S005_P0019,0,0
4,1,146,31.53,10,2,0,118,S005_P0020,0,1
1,1,180,81.93,10,2,1,175,S001_P0001,2,0
0,1,184,79.21,10,2,0,200,S001_P0002,2,0
0,1,365,70.3,15,2,1,224,S001_P0003,2,0
1,1,91,97.1,25,2,1,136,S001_P0004,2,0
3,1,550,59.12,10,2,0,131,S001_P0005,2,1
4,1,384,36.11,10,2,0,88,S001_P0006,2,1
3,1,279,23.52,10,2,0,98,S001_P0007,2,1
1,1,50,39.95,5,2,0,76,S001_P0008,2,0
0,1,181,115.64,0,2,0,165,S001_P0009,2,0
2,1,664,135.69,0,2,0,76,S001_P0010,2,0
2,1,216,178.08,0,2,0,102,S001_P0011,2,0
3,1,146,76.81,5,2,0,76,S001_P0012,2,1
4,1,169,40.78,0,2,0,163,S001_P0013,2,1
3,1,297,75.37,0,2,0,108,S001_P0014,2,1
4,1,131,17.88,0,2,0,129,S001_P0015,2,1
3,1,194,29.37,20,2,1,82,S001_P0016,2,1
4,1,161,22.53,10,2,1,108,S001_P0017,2,1
3,1,169,65.44,0,2,0,121,S001_P0018,2,1
2,1,95,112.02,5,2,0,87,S001_P0019,2,0
2,1,749,118.21,25,2,1,146,S001_P0020,2,0
3,2,337,83.39,20,2,1,185,S002_P0001,2,1
4,2,680,36.18,10,2,0,141,S002_P0002,2,1
3,2,542,94.44,10,2,1,168,S002_P0003,2,1
3,2,87,44.85,15,2,1,155,S002_P0004,2,1
1,2,643,85.3,10,2,0,102,S002_P0005,2,0
0,2,72,73.04,10,2,0,166,S002_P0006,2,0
4,2,308,23.06,10,2,0,65,S002_P0007,2,1
3,2,144,28.91,10,2,0,172,S002_P0008,2,1
3,2,244,68.27,10,2,0,164,S002_P0009,2,1
3,2,167,95.58,10,2,0,139,S002_P0010,2,1
3,2,479,89.44,0,2,0,79,S002_P0011,2,1
1,2,860,59.43,0,2,0,54,S002_P0012,2,0
3,2,132,21.95,5,2,0,95,S002_P0013,2,1
1,2,1455,109.95,10,2,0,89,S002_P0014,2,0
0,2,519,78.15,0,2,0,137,S002_P0015,2,0
0,2,253,89.22,10,2,1,114,S002_P0016,2,0
4,2,498,15.31,25,2,1,87,S002_P0017,2,1
0,2,136,29.8,5,2,0,117,S002_P0018,2,0
0,2,673,78.37,10,2,0,79,S002_P0019,2,0
2,2,374,109.39,20,2,1,90,S002_P0020,2,0
4,0,508,14.53,25,1,1,123,S003_P0001,2,1
3,0,596,62.15,5,1,0,147,S003_P0002,2,1
1,0,112,97.34,20,1,1,182,S003_P0003,2,0
3,0,647,21.57,15,1,1,111,S003_P0004,2,1
4,0,881,24.45,10,1,0,136,S003_P0005,2,1
4,0,104,32.76,10,1,0,73,S003_P0006,2,1
3,0,841,19.42,0,1,0,138,S003_P0007,2,1
0,0,353,111.08,0,1,0,69,S003_P0008,2,0
3,0,237,52.07,10,1,0,118,S003_P0009,2,1
3,0,186,40.55,5,1,0,125,S003_P0010,2,1
1,0,116,110.39,5,1,0,63,S003_P0011,2,0
2,0,150,87.51,10,1,0,70,S003_P0012,2,0
3,0,187,75.31,5,1,0,108,S003_P0013,2,1
3,0,579,78.35,10,1,0,72,S003_P0014,2,1
3,0,972,79.18,5,1,0,53,S003_P0015,2,1
1,0,232,118.07,25,1,1,243,S003_P0016,2,0
2,0,892,93.1,20,1,1,63,S003_P0017,2,0
2,0,783,130.11,10,1,0,95,S003_P0018,2,0
3,0,204,55.12,5,1,0,114,S003_P0019,2,1
0,0,1398,67.52,15,1,1,100,S003_P0020,2,0
3,3,520,9.43,25,1,1,121,S004_P0001,2,1
3,3,397,20.3,5,1,0,98,S004_P0002,2,1
2,3,117,93.99,20,1,1,30,S004_P0003,2,0
3,3,329,50.02,10,1,1,108,S004_P0004,2,1
0,3,179,75.88,10,1,0,142,S004_P0005,2,0
3,3,195,39.44,0,1,0,105,S004_P0006,2,1
3,3,362,23.14,10,1,0,66,S004_P0007,2,1
2,3,98,99.64,5,1,0,77,S004_P0008,2,0
0,3,339,93.54,10,1,0,65,S004_P0009,2,0
3,3,263,27.63,5,1,0,118,S004_P0010,2,1
0,3,437,60.63,10,1,0,117,S004_P0011,2,0
1,3,102,117.9,5,1,0,102,S004_P0012,2,0
3,3,207,20.71,0,1,0,85,S004_P0013,2,1
2,3,95,145.83,0,1,0,38,S004_P0014,2,0
2,3,308,89.45,10,1,0,67,S004_P0015,2,0
2,3,101,103.64,15,1,1,84,S004_P0016,2,0
0,3,121,87.71,20,1,1,133,S004_P0017,2,0
2,3,92,143.98,10,1,0,72,S004_P0018,2,0
0,3,91,62.55,10,1,0,143,S004_P0019,2,0
2,3,190,120.89,10,1,1,81,S004_P0020,2,0
3,1,533,13.98,10,2,1,187,S005_P0001,2,1
1,1,374,43.11,5,2,0,107,S005_P0002,2,0
4,1,205,28.15,15,2,1,107,S005_P0003,2,1
3,1,177,8.24,20,2,1,180,S005_P0004,2,1
3,1,497,15.65,0,2,0,71,S005_P0005,2,1
3,1,1261,64.24,10,2,0,140,S005_P0006,2,1
3,1,169,96.36,5,2,0,150,S005_P0007,2,1
3,1,152,44.32,5,2,0,20,S005_P0008,2,1
3,1,575,83.85,10,2,0,89,S005_P0009,2,1
3,1,323,56.48,10,2,0,113,S005_P0010,2,1
1,1,313,70.7,5,2,0,73,S005_P0011,2,0
2,1,742,132.88,5,2,0,82,S005_P0012,2,0
3,1,290,76.15,0,2,0,105,S005_P0013,2,1
2,1,212,228.03,0,2,0,161,S005_P0014,2,0
3,1,273,52.59,5,2,0,113,S005_P0015,2,1
4,1,465,34.02,25,2,1,183,S005_P0016,2,1
4,1,150,42.22,10,2,1,150,S005_P0017,2,1
0,1,170,27.29,10,2,0,213,S005_P0018,2,0
2,1,126,150.22,10,2,0,129,S005_P0019,2,0
4,1,158,29.87,15,2,1,119,S005_P0020,2,1
1,1,54,71.17,10,0,0,126,S001_P0001,3,0
0,1,229,75.2,10,0,0,160,S001_P0002,3,0
0,1,175,48.23,5,0,0,72,S001_P0003,3,0
1,1,293,98.37,20,0,1,136,S001_P0004,3,0
3,1,409,58.46,25,0,1,193,S001_P0005,3,1
4,1,322,44.29,5,0,0,118,S001_P0006,3,1
3,1,205,21.81,10,0,0,91,S001_P0007,3,1
1,1,68,45.72,5,0,0,117,S001_P0008,3,0
0,1,196,75.96,25,0,1,119,S001_P0009,3,0
2,1,605,94.62,25,0,1,56,S001_P0010,3,0
2,1,95,150.39,0,0,0,41,S001_P0011,3,0
3,1,468,76.94,5,0,0,91,S001_P0012,3,1
4,1,231,28.63,10,0,0,82,S001_P0013,3,1
3,1,210,64.56,10,0,0,93,S001_P0014,3,1
4,1,173,14.89,20,0,1,125,S001_P0015,3,1
3,1,130,36.49,5,0,0,95,S001_P0016,3,1
4,1,82,19.69,15,0,1,85,S001_P0017,3,1
3,1,170,66.05,5,0,0,142,S001_P0018,3,1
2,1,96,103.79,15,0,1,97,S001_P0019,3,0
2,1,652,116.95,10,0,0,85,S001_P0020,3,0
3,2,147,84.08,10,1,0,144,S002_P0001,3,1
4,2,573,33.24,10,1,0,113,S002_P0002,3,1
3,2,391,92.71,0,1,0,142,S002_P0003,3,1
3,2,482,33.85,20,1,1,99,S002_P0004,3,1
1,2,535,79.02,25,1,1,119,S002_P0005,3,0
0,2,185,63.89,0,1,0,87,S002_P0006,3,0
4,2,248,26.41,10,1,0,88,S002_P0007,3,1
3,2,195,24.28,10,1,0,96,S002_P0008,3,1
3,2,448,62.4,10,1,1,132,S002_P0009,3,1
3,2,133,88.88,10,1,1,115,S002_P0010,3,1
3,2,403,102.69,5,1,0,139,S002_P0011,3,1
1,2,820,60.92,10,1,0,75,S002_P0012,3,0
3,2,463,23.46,5,1,0,132,S002_P0013,3,1
1,2,1395,91.99,5,1,0,16,S002_P0014,3,0
0,2,424,62.19,25,1,1,140,S002_P0015,3,0
0,2,119,103.17,0,1,0,145,S002_P0016,3,0
4,2,435,17.89,15,1,1,96,S002_P0017,3,1
0,2,159,29.83,0,1,0,117,S002_P0018,3,0
0,2,580,96.65,10,1,1,145,S002_P0019,3,0
2,2,320,113.37,10,1,0,53,S002_P0020,3,0
4,0,381,12.99,5,1,0,39,S003_P0001,3,1
3,0,481,50.21,10,1,0,80,S003_P0002,3,1
1,0,199,105.64,5,1,0,149,S003_P0003,3,0
3,0,579,18.34,15,1,1,64,S003_P0004,3,1
4,0,768,21.37,25,1,1,153,S003_P0005,3,1
4,0,124,38.15,5,1,0,87,S003_P0006,3,1
3,0,749,19.2,0,1,0,134,S003_P0007,3,1
0,0,292,101.37,10,1,0,88,S003_P0008,3,0
3,0,165,38.98,25,1,1,85,S003_P0009,3,1
3,0,230,31.91,20,1,1,88,S003_P0010,3,1
1,0,322,139.22,0,1,0,133,S003_P0011,3,0
2,0,344,92.31,5,1,0,70,S003_P0012,3,0
3,0,910,68.24,10,1,0,110,S003_P0013,3,1
3,0,504,89.78,10,1,0,97,S003_P0014,3,1
3,0,922,95.41,10,1,1,123,S003_P0015,3,1
1,0,9,89.37,0,1,0,63,S003_P0016,3,0
2,0,843,100.73,15,1,1,54,S003_P0017,3,0
2,0,712,122.67,0,1,0,50,S003_P0018,3,0
3,0,89,63.12,10,1,1,180,S003_P0019,3,1
0,0,1288,70.42,0,1,0,65,S003_P0020,3,0
3,3,423,11.92,5,2,0,120,S004_P0001,3,1
3,3,307,24.83,0,2,0,166,S004_P0002,3,1
2,3,435,132.01,10,2,0,74,S004_P0003,3,0
3,3,206,40.77,20,2,1,82,S004_P0004,3,1
0,3,225,67.35,15,2,1,105,S004_P0005,3,0
3,3,127,39.15,5,2,0,119,S004_P0006,3,1
3,3,999,33.61,0,2,0,132,S004_P0007,3,1
2,3,92,93.5,10,2,0,89,S004_P0008,3,0
0,3,299,125.81,10,2,1,159,S004_P0009,3,0
3,3,668,26.29,10,2,1,119,S004_P0010,3,1
0,3,318,50.72,10,2,0,64,S004_P0011,3,0
1,3,156,104.55,0,2,0,67,S004_P0012,3,0
3,3,156,19.75,10,2,0,118,S004_P0013,3,1
2,3,217,171.72,10,2,0,113,S004_P0014,3,0
2,3,240,90.58,20,2,1,105,S004_P0015,3,0
2,3,8,111.8,10,2,0,74,S004_P0016,3,0
0,3,148,111.58,20,2,1,203,S004_P0017,3,0
2,3,95,157.64,5,2,0,68,S004_P0018,3,0
0,3,116,50.21,20,2,1,109,S004_P0019,3,0
2,3,110,132.93,5,2,0,78,S004_P0020,3,0
3,1,328,13.49,0,0,0,118,S005_P0001,3,1
1,1,297,38.27,5,0,0,72,S005_P0002,3,0
4,1,107,30.99,5,0,0,102,S005_P0003,3,1
3,1,161,7.62,15,0,1,148,S005_P0004,3,1
3,1,419,13.47,10,0,1,73,S005_P0005,3,1
3,1,1131,78.27,5,0,0,193,S005_P0006,3,1
3,1,313,67.34,0,0,0,43,S005_P0007,3,1
3,1,138,69.95,5,0,0,150,S005_P0008,3,1
3,1,517,78.27,10,0,1,56,S005_P0009,3,1
3,1,237,51.76,25,0,1,145,S005_P0010,3,1
1,1,242,76.29,0,0,0,65,S005_P0011,3,0
2,1,691,126.94,0,0,0,56,S005_P0012,3,0
3,1,224,82.73,0,0,0,132,S005_P0013,3,1
2,1,50,177.32,0,0,0,94,S005_P0014,3,0
3,1,542,62.45,15,0,1,217,S005_P0015,3,1
4,1,256,29.88,0,0,0,38,S005_P0016,3,1
4,1,187,45.48,10,0,1,198,S005_P0017,3,1
0,1,241,22.26,10,0,0,119,S005_P0018,3,0
2,1,292,140.01,10,0,1,91,S005_P0019,3,0
4,1,149,32.43,5,0,0,126,S005_P0020,3,1
1,1,287,61.85,20,2,1,102,S001_P0001,1,0
0,1,112,87.82,15,2,1,246,S001_P0002,1,0
0,1,989,67.36,10,2,0,203,S001_P0003,1,0
1,1,180,85.21,10,2,1,45,S001_P0004,1,0
3,1,244,65.31,10,2,0,147,S001_P0005,1,1
4,1,201,43.59,0,2,0,113,S001_P0006,1,1
3,1,875,22.95,10,2,1,106,S001_P0007,1,1
1,1,137,46.96,0,2,0,109,S001_P0008,1,0
0,1,171,85.2,15,2,1,115,S001_P0009,1,0
2,1,570,103.06,20,2,1,76,S001_P0010,1,0
2,1,262,183.16,20,2,1,189,S001_P0011,1,0
3,1,359,78.83,10,2,0,100,S001_P0012,1,1
4,1,134,36.2,5,2,0,122,S001_P0013,1,1
3,1,577,95.67,10,2,1,237,S001_P0014,1,1
4,1,182,18.47,10,2,0,178,S001_P0015,1,1
3,1,625,35.07,5,2,0,83,S001_P0016,1,1
4,1,97,22.17,0,2,0,87,S001_P0017,1,1
3,1,220,61.35,0,2,0,101,S001_P0018,1,1
2,1,88,102.58,20,2,1,97,S001_P0019,1,0
2,1,562,118.32,0,2,0,73,S001_P0020,1,0
3,2,38,78.85,20,1,1,163,S002_P0001,1,1
4,2,455,37.72,15,1,1,177,S002_P0002,1,1
3,2,271,68.34,10,1,0,79,S002_P0003,1,1
3,2,375,40.55,20,1,1,159,S002_P0004,1,1
1,2,397,84.43,5,1,0,83,S002_P0005,1,0
0,2,89,83.19,0,1,0,157,S002_P0006,1,0
4,2,491,27.99,25,1,1,168,S002_P0007,1,1
3,2,129,23.98,5,1,0,91,S002_P0008,1,1
3,2,355,61.78,15,1,1,130,S002_P0009,1,1
3,2,117,90.74,10,1,1,139,S002_P0010,1,1
3,2,299,103.26,20,1,1,185,S002_P0011,1,1
1,2,763,54.93,5,1,0,47,S002_P0012,1,0
3,2,328,23.4,5,1,0,131,S002_P0013,1,1
1,2,1384,95.31,10,1,1,50,S002_P0014,1,0
0,2,320,70.6,0,1,0,104,S002_P0015,1,0
0,2,250,83.3,5,1,0,92,S002_P0016,1,0
4,2,350,22.06,0,1,0,95,S002_P0017,1,1
0,2,164,26.56,10,1,0,98,S002_P0018,1,0
0,2,489,96.69,20,1,1,189,S002_P0019,1,0
2,2,275,112.02,0,1,0,37,S002_P0020,1,0
4,0,356,18.42,15,0,1,162,S003_P0001,1,1
3,0,397,52.54,25,0,1,172,S003_P0002,1,1
1,0,214,106.89,0,0,0,135,S003_P0003,1,0
3,0,519,33.19,10,0,1,254,S003_P0004,1,1
4,0,620,21.65,10,0,0,97,S003_P0005,1,1
4,0,155,36.2,10,0,0,87,S003_P0006,1,1
3,0,589,17.93,20,0,1,191,S003_P0007,1,1
0,0,219,103.49,5,0,0,78,S003_P0008,1,0
3,0,79,66.57,15,0,1,232,S003_P0009,1,1
3,0,135,43.38,10,0,1,149,S003_P0010,1,1
1,0,237,109.1,25,0,1,148,S003_P0011,1,0
2,0,281,81.82,0,0,0,27,S003_P0012,1,0
3,0,789,81.12,0,0,0,116,S003_P0013,1,1
3,0,445,100.27,10,0,1,132,S003_P0014,1,1
3,0,795,109.38,10,0,0,170,S003_P0015,1,1
1,0,582,92.79,5,0,0,88,S003_P0016,1,0
2,0,779,123.14,0,0,0,78,S003_P0017,1,0
2,0,668,121.41,10,0,0,75,S003_P0018,1,0
3,0,199,61.0,15,0,1,189,S003_P0019,1,1
0,0,1218,79.32,10,0,0,133,S003_P0020,1,0
3,3,991,12.23,10,1,1,166,S004_P0001,1,1
3,3,169,25.31,10,1,1,194,S004_P0002,1,1
2,3,352,120.51,0,1,0,36,S004_P0003,1,0
3,3,770,52.49,15,1,1,143,S004_P0004,1,1
0,3,135,73.75,0,1,0,83,S004_P0005,1,0
3,3,267,34.46,10,1,0,96,S004_P0006,1,1
3,3,886,19.27,25,1,1,52,S004_P0007,1,1
2,3,89,90.66,0,1,0,52,S004_P0008,1,0
0,3,587,102.91,25,1,1,152,S004_P0009,1,0
3,3,541,20.84,25,1,1,103,S004_P0010,1,1
0,3,895,65.29,20,1,1,185,S004_P0011,1,0
1,3,76,98.24,0,1,0,51,S004_P0012,1,0
3,3,552,20.97,5,1,0,120,S004_P0013,1,1
2,3,140,126.98,25,1,1,63,S004_P0014,1,0
2,3,119,89.68,0,1,0,53,S004_P0015,1,0
2,3,142,118.12,0,1,0,75,S004_P0016,1,0
0,3,243,109.72,10,1,0,152,S004_P0017,1,0
2,3,94,140.69,10,1,0,65,S004_P0018,1,0
0,3,108,60.59,10,1,1,132,S004_P0019,1,0
2,3,172,105.73,10,1,0,45,S004_P0020,1,0
3,1,214,11.09,20,2,1,144,S005_P0001,1,1
1,1,224,33.99,20,2,1,87,S005_P0002,1,0
4,1,135,33.71,0,2,0,113,S005_P0003,1,1
3,1,189,5.96,10,2,1,42,S005_P0004,1,1
3,1,342,16.61,0,2,0,103,S005_P0005,1,1
3,1,941,71.83,0,2,0,160,S005_P0006,1,1
3,1,266,101.87,15,2,1,215,S005_P0007,1,1
3,1,199,53.64,10,2,0,83,S005_P0008,1,1
3,1,471,69.8,25,2,1,89,S005_P0009,1,1
3,1,473,67.17,10,2,1,173,S005_P0010,1,1
1,1,195,64.22,25,2,1,114,S005_P0011,1,0
2,1,640,105.39,10,2,0,48,S005_P0012,1,0
3,1,656,72.5,0,2,0,90,S005_P0013,1,1
2,1,0,164.59,10,2,1,104,S005_P0014,1,0
3,1,308,60.01,0,2,0,158,S005_P0015,1,1
4,1,226,39.48,0,2,0,133,S005_P0016,1,1
4,1,215,39.36,5,2,0,125,S005_P0017,1,1
0,1,133,24.54,5,2,0,133,S005_P0018,1,0
2,1,186,132.35,25,2,1,149,S005_P0019,1,0
4,1,168,37.35,0,2,0,139,S005_P0020,1,1
1,1,512,69.63,10,0,0,102,S001_P0001,5,0
0,1,276,80.79,15,0,1,232,S001_P0002,5,0
0,1,753,54.89,10,0,0,128,S001_P0003,5,0
1,1,382,94.09,10,0,0,85,S001_P0004,5,0
3,1,834,70.05,10,0,1,173,S001_P0005,5,1
4,1,104,35.88,10,0,1,86,S001_P0006,5,1
3,1,764,25.36,0,0,0,104,S001_P0007,5,1
1,1,156,40.74,20,0,1,118,S001_P0008,5,0
0,1,185,120.89,10,0,1,247,S001_P0009,5,0
2,1,505,133.09,10,0,0,117,S001_P0010,5,0
2,1,147,161.26,20,0,1,125,S001_P0011,5,0
3,1,293,69.36,5,0,0,62,S001_P0012,5,1
4,1,177,32.16,0,0,0,71,S001_P0013,5,1
3,1,390,64.24,15,0,1,109,S001_P0014,5,1
4,1,191,13.88,25,0,1,123,S001_P0015,5,1
3,1,558,41.83,5,0,0,122,S001_P0016,5,1
4,1,130,26.83,5,0,0,149,S001_P0017,5,1
3,1,129,62.83,10,0,0,143,S001_P0018,5,1
2,1,104,98.97,10,0,1,54,S001_P0019,5,0
2,1,494,111.25,10,0,0,70,S001_P0020,5,0
3,2,625,69.62,5,1,0,69,S002_P0001,5,1
4,2,334,27.53,10,1,1,72,S002_P0002,5,1
